0,1,2,3,4,5,6,7,8,9,10,11,12,13,14,15,16,17,18,19,20,21,22,23,24,25,26,27,28,29,30,31,32,33,34,35,36,37,38,39,40,41,42,43,44,45,46,47,48,49,50,51,52,53,54,55,56,57,58,59,60,61,62,63
0.5770549774169922,0.8701998591423035,-9.469709283393968e-08,0.49204254150390625,0.8333677053451538,-0.02014273963868618,0.4164557456970215,0.7574771046638489,-0.03613219037652016,0.36314982175827026,0.6804779767990112,-0.05555959418416023,0.3579215407371521,0.5791473984718323,-0.07104833424091339,0.4518202245235443,0.5493772029876709,0.009590234607458115,0.3955974876880646,0.4707544147968292,-0.03220959007740021,0.38300201296806335,0.5255488157272339,-0.06778717786073685,0.38878539204597473,0.5895102024078369,-0.08556193858385086,0.49044281244277954,0.4884851574897766,0.0011609611101448536,0.4386656582355499,0.35349908471107483,-0.02144552953541279,0.3990050256252289,0.2724202573299408,-0.04323311150074005,0.3644624948501587,0.20051904022693634,-0.05862055718898773,0.5390392541885376,0.46906527876853943,-0.015763189643621445,0.5134923458099365,0.3330375850200653,-0.0365760512650013,0.4910731315612793,0.242030531167984,-0.0487959161400795,0.46691617369651794,0.159837543964386,-0.056306302547454834,0.5905572772026062,0.48955661058425903,-0.03567208722233772,0.586082935333252,0.3829352855682373,-0.0452670194208622,0.5767132043838501,0.31293341517448425,-0.042933180928230286,0.5627337694168091,0.24929016828536987,-0.04062609747052193,OK
0.5718016624450684,0.8604435324668884,-2.5843814910331275e-07,0.49680018424987793,0.81743985414505,-0.015858301892876625,0.43594804406166077,0.7051392197608948,-0.024615013971924782,0.42326122522354126,0.5883771777153015,-0.03752385824918747,0.45749568939208984,0.5172786712646484,-0.046254806220531464,0.4893978536128998,0.5358291268348694,0.026677368208765984,0.46149659156799316,0.45535808801651,0.002596204401925206,0.46498361229896545,0.49916455149650574,-0.023350290954113007,0.4728491008281708,0.5317026376724243,-0.040989238768815994,0.5250616073608398,0.4972837269306183,0.016004441305994987,0.47461915016174316,0.3924056887626648,-0.0037001112941652536,0.42465940117836,0.33749139308929443,-0.025920715183019638,0.38157790899276733,0.2902587056159973,-0.0414864644408226,0.5673105120658875,0.4871756434440613,-0.0028520363848656416,0.5382372736930847,0.3540956974029541,-0.027244020253419876,0.5050306916236877,0.2698272466659546,-0.04391205683350563,0.4739745855331421,0.19771148264408112,-0.05394168198108673,0.6158931255340576,0.4996527135372162,-0.02406151592731476,0.6111906170845032,0.3918822109699249,-0.03955584019422531,0.6004076600074768,0.3192303478717804,-0.04462645947933197,0.5838281512260437,0.2488940954208374,-0.0483974926173687,OK
0.5776425004005432,0.8619557023048401,-2.6874909053731244e-07,0.49902594089508057,0.8070307970046997,-0.017844384536147118,0.428862065076828,0.725235641002655,-0.03395424038171768,0.3752758502960205,0.6611309051513672,-0.0537455789744854,0.353455513715744,0.5726689100265503,-0.07145368307828903,0.499054491519928,0.5158544182777405,0.00804995559155941,0.4459017217159271,0.4396355152130127,-0.03452407568693161,0.40743082761764526,0.4747128486633301,-0.07578383386135101,0.3857291042804718,0.5254798531532288,-0.09916765987873077,0.5317524671554565,0.47244617342948914,-0.00139905815012753,0.4882523715496063,0.33875083923339844,-0.0276190135627985,0.44074416160583496,0.2684878408908844,-0.05305894464254379,0.3970068395137787,0.21550151705741882,-0.07023567706346512,0.5740813612937927,0.46681350469589233,-0.018998723477125168,0.5513560771942139,0.3210259974002838,-0.04158983752131462,0.5236337780952454,0.23154835402965546,-0.05785094574093819,0.49496519565582275,0.15594802796840668,-0.06820303946733475,0.6189835071563721,0.4982450604438782,-0.03962840884923935,0.6334166526794434,0.39160043001174927,-0.05525847524404526,0.6267120242118835,0.3171556293964386,-0.06164196878671646,0.6085968017578125,0.2500331997871399,-0.06526795029640198,OK
0.5801107883453369,0.8617250919342041,-2.835947157109331e-07,0.4995848536491394,0.8046074509620667,-0.01702883280813694,0.4287605881690979,0.7219363451004028,-0.032889705151319504,0.37665650248527527,0.656062126159668,-0.05280950665473938,0.357723593711853,0.5668137669563293,-0.07065857946872711,0.5011758208274841,0.5119122862815857,0.009070144966244698,0.4465939998626709,0.4347251355648041,-0.032169222831726074,0.4082278609275818,0.4744620621204376,-0.07211466133594513,0.3877236545085907,0.5278282761573792,-0.09474268555641174,0.5352731347084045,0.46829521656036377,-0.0007000926416367292,0.49209362268447876,0.33677539229393005,-0.02615457959473133,0.4447847604751587,0.2648266553878784,-0.050955139100551605,0.4011547565460205,0.21008312702178955,-0.06798858940601349,0.577452540397644,0.4633917808532715,-0.018517086282372475,0.5556945204734802,0.3211091458797455,-0.039985015988349915,0.5280244946479797,0.23050802946090698,-0.05558940768241882,0.49919793009757996,0.15380094945430756,-0.06591176241636276,0.6211754083633423,0.4954954981803894,-0.03938994184136391,0.6361817121505737,0.39164048433303833,-0.0544193759560585,0.6294084787368774,0.3173734247684479,-0.060577720403671265,0.6114126443862915,0.2508648931980133,-0.06423303484916687,OK
0.5791424512863159,0.8619627952575684,-2.758504820121743e-07,0.49934667348861694,0.805755615234375,-0.01804867573082447,0.4291922450065613,0.7216657400131226,-0.034360505640506744,0.37613558769226074,0.6560099124908447,-0.05473467707633972,0.355858713388443,0.5675967931747437,-0.07298599183559418,0.5008103847503662,0.5128287076950073,0.00955136027187109,0.447684109210968,0.43456193804740906,-0.03195873275399208,0.40921109914779663,0.4736306071281433,-0.07213178277015686,0.3880780339241028,0.5270712971687317,-0.09495285898447037,0.5347687602043152,0.46940526366233826,-6.36016484349966e-05,0.4918390214443207,0.3378491997718811,-0.02576293796300888,0.4435732364654541,0.2663997709751129,-0.05087120831012726,0.39895087480545044,0.21113106608390808,-0.06807000935077667,0.5771393179893494,0.464680939912796,-0.01802399754524231,0.5558746457099915,0.32405707240104675,-0.039783839136362076,0.5283829569816589,0.23274940252304077,-0.0559733510017395,0.4992678165435791,0.1551835983991623,-0.0666721910238266,0.6214776635169983,0.4968045651912689,-0.03918629139661789,0.6372026801109314,0.3933104872703552,-0.05400678142905235,0.630688488483429,0.3195357322692871,-0.06043510511517525,0.6121056079864502,0.253868967294693,-0.06450039148330688,OK
0.5808387398719788,0.8638301491737366,-2.6423194299241004e-07,0.5003145337104797,0.8084941506385803,-0.01950065791606903,0.42831653356552124,0.7248895168304443,-0.03681623563170433,0.37467753887176514,0.6562724709510803,-0.057925112545490265,0.35425353050231934,0.5649582147598267,-0.07657448947429657,0.5006248950958252,0.5129469037055969,0.009175673127174377,0.4471340775489807,0.4348066449165344,-0.03265855461359024,0.40921905636787415,0.47381556034088135,-0.07277446985244751,0.38914528489112854,0.5271308422088623,-0.09549687802791595,0.5346185564994812,0.46971920132637024,0.00021726012346334755,0.49050402641296387,0.3389424979686737,-0.02536158077418804,0.4424155652523041,0.267269492149353,-0.04987240210175514,0.3986356854438782,0.21126782894134521,-0.06669964641332626,0.5769364833831787,0.46539247035980225,-0.017359556630253792,0.5548349022865295,0.32430300116539,-0.039250507950782776,0.5273489356040955,0.23305395245552063,-0.05484204366803169,0.4987604022026062,0.15530972182750702,-0.06515587866306305,0.6211441159248352,0.49778619408607483,-0.0382833294570446,0.6354852914810181,0.39483287930488586,-0.05360782518982887,0.6285991072654724,0.321576863527298,-0.060170821845531464,0.6103131175041199,0.25566306710243225,-0.06422512978315353,OK
0.5847800374031067,0.7931738495826721,-5.755599090662145e-07,0.5143401622772217,0.6363515853881836,0.06848273426294327,0.5011752247810364,0.532721757888794,0.07892414927482605,0.4699394106864929,0.4684397876262665,0.07220973074436188,0.4330999553203583,0.4157317280769348,0.05997779965400696,0.5914952754974365,0.41054442524909973,0.04267970472574234,0.5135409832000732,0.3139023184776306,0.024484260007739067,0.4624772369861603,0.3329640328884125,0.0017760799964889884,0.42865464091300964,0.36173808574676514,-0.014704182744026184,0.602372407913208,0.43577003479003906,-0.008262427523732185,0.5381953120231628,0.23633451759815216,-0.016164282336831093,0.4944087862968445,0.1438949853181839,-0.03202435374259949,0.45854058861732483,0.08531506359577179,-0.051428377628326416,0.5908206105232239,0.4839836657047272,-0.05565190687775612,0.553669810295105,0.25700876116752625,-0.060728274285793304,0.5211241841316223,0.15836049616336823,-0.06587643176317215,0.497312068939209,0.08221715688705444,-0.07821422815322876,0.5590167045593262,0.5200660228729248,-0.0973508432507515,0.5502246022224426,0.3875907063484192,-0.11152881383895874,0.5418602824211121,0.30196934938430786,-0.11847385764122009,0.5315310955047607,0.21942543983459473,-0.12816250324249268,OK
0.6061798334121704,0.7360394597053528,7.530746870543226e-08,0.5446259379386902,0.7373318672180176,-0.029842715710401535,0.4802640974521637,0.7280735969543457,-0.060735419392585754,0.43263813853263855,0.7325168251991272,-0.09225905686616898,0.425850510597229,0.6928666234016418,-0.12168548256158829,0.46955183148384094,0.4828956127166748,-0.03125534579157829,0.41349637508392334,0.47870227694511414,-0.08363804966211319,0.41427040100097656,0.5684006214141846,-0.1264277696609497,0.42992445826530457,0.6444273591041565,-0.14908768236637115,0.4994693696498871,0.41148898005485535,-0.03847634419798851,0.4368007481098175,0.3083183467388153,-0.07461538910865784,0.3926631808280945,0.23486320674419403,-0.10325226932764053,0.3509577810764313,0.15713025629520416,-0.12287991493940353,0.5456128120422363,0.38871073722839355,-0.05176101252436638,0.515652596950531,0.25058141350746155,-0.08353336155414581,0.49205949902534485,0.16432298719882965,-0.10066627711057663,0.46452173590660095,0.08356854319572449,-0.1099994108080864,0.5971771478652954,0.41271325945854187,-0.067245714366436,0.5924966931343079,0.30189186334609985,-0.0820135697722435,0.58255934715271,0.23006924986839294,-0.07958334684371948,0.5679408311843872,0.15814639627933502,-0.07680829614400864,OK
0.580359697341919,0.8243468999862671,-2.1177339704081533e-07,0.507213830947876,0.7637220025062561,-0.011241755448281765,0.4443567991256714,0.6932410597801208,-0.031575530767440796,0.38690969347953796,0.6507149338722229,-0.057691290974617004,0.34064939618110657,0.59610515832901,-0.0841764509677887,0.4983758330345154,0.47452837228775024,-0.001623133895918727,0.4329625070095062,0.4268624186515808,-0.04845697805285454,0.3919393718242645,0.48634690046310425,-0.09297368675470352,0.37145522236824036,0.5507583618164062,-0.11890058219432831,0.520762026309967,0.4379658102989197,-0.018628738820552826,0.4675826132297516,0.29955917596817017,-0.049483772367239,0.41653335094451904,0.2215774655342102,-0.07826171070337296,0.37042391300201416,0.15353038907051086,-0.09900412708520889,0.5552271604537964,0.44163578748703003,-0.04208289831876755,0.5395824909210205,0.27513667941093445,-0.07001904398202896,0.5151063203811646,0.17820483446121216,-0.08988416939973831,0.4862975478172302,0.09148427844047546,-0.10383202135562897,0.5903494954109192,0.48376962542533875,-0.06718771159648895,0.6140303015708923,0.3659379482269287,-0.08598867803812027,0.6118785738945007,0.27873674035072327,-0.09253675490617752,0.5964371562004089,0.19626857340335846,-0.09766825288534164,OK
0.37016206979751587,0.816612720489502,6.610866876144428e-07,0.44577324390411377,0.7527455687522888,-0.023273712024092674,0.5018104910850525,0.6801514029502869,-0.03861718997359276,0.5338770747184753,0.5965156555175781,-0.042045291513204575,0.5379152297973633,0.5167298316955566,-0.03746206313371658,0.40663522481918335,0.5319485068321228,-0.07648703455924988,0.4741267263889313,0.43639329075813293,-0.08578301221132278,0.5087217688560486,0.46848559379577637,-0.07462868839502335,0.5205344557762146,0.5149112343788147,-0.06300375610589981,0.3654988706111908,0.5086145997047424,-0.061960529536008835,0.41410401463508606,0.3483746349811554,-0.09681431949138641,0.44799330830574036,0.25361892580986023,-0.10889647901058197,0.46995699405670166,0.18023084104061127,-0.11313198506832123,0.3332330882549286,0.5147570967674255,-0.04106521233916283,0.3454781472682953,0.3597047030925751,-0.06667512655258179,0.35733872652053833,0.2638686001300812,-0.07998772710561752,0.36703938245773315,0.19459989666938782,-0.08456157892942429,0.31179341673851013,0.5408182740211487,-0.017690761014819145,0.29618147015571594,0.43074899911880493,-0.02957993932068348,0.28342700004577637,0.36233070492744446,-0.034391582012176514,0.27522292733192444,0.3022494614124298,-0.035539813339710236,OK
0.2853242754936218,0.9944192171096802,4.1031506725630607e-07,0.3549903929233551,0.9395090341567993,-0.0094556650146842,0.41798555850982666,0.8442081809043884,-0.022708941251039505,0.47207990288734436,0.780983567237854,-0.040747273713350296,0.5137560367584229,0.7177255153656006,-0.05625135451555252,0.35588306188583374,0.645229160785675,0.0018882836448028684,0.4207269251346588,0.5825031399726868,-0.03833245113492012,0.4611029326915741,0.6275792121887207,-0.07139312475919724,0.48286187648773193,0.6920115351676941,-0.08716237545013428,0.33354732394218445,0.6107128262519836,-0.013355417177081108,0.37635520100593567,0.47637566924095154,-0.03519982472062111,0.4262864589691162,0.3937923312187195,-0.05203424021601677,0.4683617055416107,0.33165499567985535,-0.06268422305583954,0.3056097626686096,0.6124533414840698,-0.035598088055849075,0.31383052468299866,0.4537830352783203,-0.05779784917831421,0.335775762796402,0.3487337827682495,-0.07303337007761002,0.3600834012031555,0.26414093375205994,-0.08201013505458832,0.27993613481521606,0.6459981799125671,-0.059854280203580856,0.2560235261917114,0.5305464267730713,-0.07973851263523102,0.24583211541175842,0.44253918528556824,-0.0865120217204094,0.24271313846111298,0.36160093545913696,-0.08929066359996796,OK
0.2710950970649719,0.8764998316764832,1.2360229106889165e-07,0.3301412761211395,0.7562646269798279,0.03661742061376572,0.35630857944488525,0.6588197946548462,0.03477787598967552,0.38927823305130005,0.5981364250183105,0.022220470011234283,0.43342217803001404,0.5446745753288269,0.009422454051673412,0.27783799171447754,0.5474787354469299,0.0035883302334696054,0.34757524728775024,0.4374138116836548,-0.02769184671342373,0.3939814865589142,0.469385027885437,-0.04574444144964218,0.4298628270626068,0.521379292011261,-0.05626741051673889,0.2696020305156708,0.5609069466590881,-0.03591505065560341,0.30800363421440125,0.3609885573387146,-0.06187543272972107,0.3517494797706604,0.2666102647781372,-0.07578065991401672,0.39147117733955383,0.2023007571697235,-0.08666151016950607,0.2727509140968323,0.6017808318138123,-0.07521892338991165,0.2920130789279938,0.38622090220451355,-0.10009223222732544,0.31464534997940063,0.28727465867996216,-0.11598778516054153,0.33311203122138977,0.20304012298583984,-0.13021698594093323,0.2964819371700287,0.6444946527481079,-0.11078780144453049,0.2969425618648529,0.5316908359527588,-0.14186222851276398,0.2934296131134033,0.4491882622241974,-0.1600557118654251,0.2885209619998932,0.36506155133247375,-0.17437516152858734,OK
0.23007573187351227,0.8470075726509094,3.1328957561527204e-07,0.29706889390945435,0.7711848616600037,-0.013215201906859875,0.3547932207584381,0.6569395661354065,-0.024526311084628105,0.3953540027141571,0.5788021087646484,-0.040324509143829346,0.4090317487716675,0.49815356731414795,-0.051841434091329575,0.29027682542800903,0.49316009879112244,0.006654523778706789,0.3294374346733093,0.40534839034080505,-0.031457360833883286,0.3604210615158081,0.4704161584377289,-0.062050994485616684,0.37450432777404785,0.5435972809791565,-0.07564958184957504,0.263237327337265,0.46467870473861694,-0.005804451182484627,0.2961190640926361,0.3394210934638977,-0.02730683423578739,0.3286348283290863,0.25453710556030273,-0.04673358052968979,0.3507131338119507,0.1754010021686554,-0.05966448783874512,0.23151737451553345,0.4697461426258087,-0.02633676491677761,0.2326470911502838,0.32688793540000916,-0.049842968583106995,0.23363563418388367,0.22636018693447113,-0.0711662694811821,0.2329726219177246,0.1388637274503708,-0.0842713937163353,0.20347106456756592,0.5057685375213623,-0.04885874688625336,0.17046234011650085,0.4063752293586731,-0.0687585398554802,0.14546804130077362,0.33365827798843384,-0.07922729849815369,0.1253787875175476,0.2641860246658325,-0.08531098812818527,OK
0.229182630777359,0.8362340927124023,2.845343658464117e-07,0.28622663021087646,0.7644783854484558,-0.011320346966385841,0.32734954357147217,0.6130890250205994,-0.02557319961488247,0.3608689308166504,0.513064980506897,-0.0442846454679966,0.379936546087265,0.41677653789520264,-0.06172068044543266,0.27344879508018494,0.470698744058609,0.018528439104557037,0.31220224499702454,0.350913941860199,0.0009492011740803719,0.352746844291687,0.28280702233314514,-0.015241032466292381,0.383739709854126,0.23080123960971832,-0.02971995249390602,0.24648483097553253,0.4626096189022064,-0.00036371505120769143,0.2997775375843048,0.36583462357521057,-0.051956627517938614,0.32574203610420227,0.4457535147666931,-0.07431527972221375,0.33850952982902527,0.5154856443405151,-0.07437159866094589,0.21677453815937042,0.47025543451309204,-0.0250773336738348,0.23802882432937622,0.3325440287590027,-0.056324295699596405,0.2552603483200073,0.2348746657371521,-0.06773530691862106,0.263221800327301,0.14260423183441162,-0.07149644196033478,0.19078925251960754,0.5071283578872681,-0.05184365436434746,0.16696307063102722,0.40605905652046204,-0.06805466115474701,0.15273045003414154,0.33136388659477234,-0.06990905851125717,0.1360049545764923,0.25487983226776123,-0.07161218672990799,OK
0.23022696375846863,0.8269880414009094,3.058269442135497e-07,0.2906772196292877,0.761685848236084,-0.016201358288526535,0.34598812460899353,0.6529356837272644,-0.03651001676917076,0.38675570487976074,0.5778688788414001,-0.05952577292919159,0.41620177030563354,0.5015285015106201,-0.07852482795715332,0.2879142165184021,0.4779704213142395,-0.005638895556330681,0.34150174260139465,0.4207878112792969,-0.03990107402205467,0.3665604293346405,0.48741814494132996,-0.06652776896953583,0.3751692771911621,0.5504012107849121,-0.08122126013040543,0.25558558106422424,0.4570322036743164,-0.018955979496240616,0.31849053502082825,0.36383363604545593,-0.0627657100558281,0.37236499786376953,0.3848419189453125,-0.0859888568520546,0.4055846333503723,0.40857794880867004,-0.09176664054393768,0.21973949670791626,0.46413248777389526,-0.038482651114463806,0.22761252522468567,0.32246777415275574,-0.07467790693044662,0.23132935166358948,0.21690671145915985,-0.09692463278770447,0.23398463428020477,0.12106641381978989,-0.10652925074100494,0.18942514061927795,0.5076059103012085,-0.05882375314831734,0.148421049118042,0.41436612606048584,-0.08285447955131531,0.12195347994565964,0.3470821678638458,-0.09203274548053741,0.1010575070977211,0.27401861548423767,-0.09646470844745636,OK
0.21227984130382538,0.8358263373374939,4.2339976857874717e-07,0.28257060050964355,0.7695155739784241,-0.020656930282711983,0.34913739562034607,0.676008939743042,-0.03938818350434303,0.396181583404541,0.6156653761863708,-0.061873987317085266,0.3972257971763611,0.5496589541435242,-0.07947345077991486,0.2825000584125519,0.47926536202430725,-0.005189789459109306,0.3346295952796936,0.4119871258735657,-0.051988162100315094,0.3649149239063263,0.4887741208076477,-0.08761575818061829,0.37585949897766113,0.5630441904067993,-0.10369614511728287,0.25209182500839233,0.44752755761146545,-0.01867661252617836,0.2926386892795563,0.3198745846748352,-0.04899461939930916,0.32523784041404724,0.23891222476959229,-0.07266180962324142,0.3472895622253418,0.15937983989715576,-0.08659575134515762,0.21551290154457092,0.4531627893447876,-0.04094497486948967,0.21525759994983673,0.30406463146209717,-0.07425860315561295,0.21177399158477783,0.1995030641555786,-0.10156082361936569,0.20852601528167725,0.10409403592348099,-0.11650576442480087,0.18241725862026215,0.49845802783966064,-0.0653705820441246,0.14391052722930908,0.4036284387111664,-0.0920204296708107,0.11455260962247849,0.3337317705154419,-0.10672865808010101,0.09270763397216797,0.2619514763355255,-0.11482792347669601,OK
0,1,2,3,4,5,6,7,8,9,10,11,12,13,14,15,16,17,18,19,20,21,22,23,24,25,26,27,28,29,30,31,32,33,34,35,36,37,38,39,40,41,42,43,44,45,46,47,48,49,50,51,52,53,54,55,56,57,58,59,60,61,62,63
0.6359792351722717,0.8157322406768799,-1.761292907076495e-07,0.6040841937065125,0.6159200668334961,0.013067318126559258,0.5517427921295166,0.4507957696914673,0.010596338659524918,0.5144214630126953,0.2978828251361847,0.005103675648570061,0.49247118830680847,0.18710336089134216,-0.0015760913956910372,0.44599413871765137,0.462647020816803,-0.005423926282674074,0.3609232008457184,0.4912724196910858,0.001461512641981244,0.3928554654121399,0.5270125269889832,0.0051264213398098946,0.4278414845466614,0.5210973024368286,0.005718642845749855,0.42520102858543396,0.5854386687278748,-0.015304528176784515,0.35234716534614563,0.5996925830841064,0.0007063616067171097,0.38569971919059753,0.6332961916923523,0.010534882545471191,0.42365527153015137,0.6344980597496033,0.011060367338359356,0.4190782904624939,0.716051459312439,-0.021559301763772964,0.35328271985054016,0.708061933517456,-0.005223777145147324,0.385385125875473,0.7357635498046875,0.011894135735929012,0.42279481887817383,0.7400299310684204,0.016146386042237282,0.42456260323524475,0.8391019701957703,-0.02663738839328289,0.3698083460330963,0.8096222281455994,-0.011490078642964363,0.3992407023906708,0.8259050250053406,0.01068284921348095,0.43112874031066895,0.8310081958770752,0.024846075102686882,GO_UP
0.647469162940979,0.8506884574890137,-3.303149753719481e-08,0.6313685178756714,0.6250375509262085,0.013667367398738861,0.5912520289421082,0.45324164628982544,0.013061964884400368,0.5533468723297119,0.27953436970710754,0.01159794069826603,0.5348227024078369,0.15420983731746674,0.010779006406664848,0.44650840759277344,0.46675971150398254,0.009457169100642204,0.40456894040107727,0.44950395822525024,0.04351820796728134,0.4476128816604614,0.4842662811279297,0.06248285621404648,0.4805191159248352,0.5133339166641235,0.07087458670139313,0.4098653197288513,0.5910549163818359,0.008944477885961533,0.3899296522140503,0.5580502152442932,0.05475642904639244,0.43137678503990173,0.5816882848739624,0.06743460893630981,0.4658346474170685,0.6084775924682617,0.06459606438875198,0.39876729249954224,0.7207112908363342,0.014904288575053215,0.38130098581314087,0.6685490012168884,0.06216399744153023,0.4164726734161377,0.684183657169342,0.07524850964546204,0.4528188109397888,0.711989164352417,0.06946377456188202,0.40094810724258423,0.831866443157196,0.02174980379641056,0.3883594572544098,0.779094398021698,0.06053120270371437,0.42109042406082153,0.7863484621047974,0.0823044702410698,0.45059993863105774,0.8042279481887817,0.09231065213680267,GO_UP
0.63211590051651,0.7843201160430908,-1.8968179915646033e-07,0.6399264931678772,0.5869686603546143,0.01352447085082531,0.6299372911453247,0.42532405257225037,0.013028714805841446,0.609817624092102,0.28362640738487244,0.01060101855546236,0.6002724170684814,0.1835123896598816,0.007295840885490179,0.47522008419036865,0.37556034326553345,0.013311181217432022,0.434246689081192,0.40617772936820984,0.03622269630432129,0.4626103341579437,0.4648440182209015,0.04424845427274704,0.4913557767868042,0.49753648042678833,0.046197470277547836,0.4291239380836487,0.4699323773384094,0.007951908744871616,0.40941986441612244,0.4850353002548218,0.04106032848358154,0.44143423438072205,0.5331245064735413,0.04476606845855713,0.4753045439720154,0.5646710395812988,0.038598936051130295,0.4062620997428894,0.584549069404602,0.007891625165939331,0.39002150297164917,0.5779521465301514,0.038119103759527206,0.41881948709487915,0.6148602962493896,0.044003743678331375,0.45303207635879517,0.6450379490852356,0.038442451506853104,0.3970338702201843,0.695717453956604,0.008963586762547493,0.3810040056705475,0.6748981475830078,0.03160673379898071,0.4111240804195404,0.6964820623397827,0.04746995121240616,0.4399682581424713,0.7136069536209106,0.057074494659900665,GO_UP
0.6022424697875977,0.8519079685211182,-9.446336690643875e-08,0.5621618032455444,0.6427680850028992,0.016627570614218712,0.5061584115028381,0.49231234192848206,0.011991563253104687,0.4520203769207001,0.3413779139518738,0.005641553550958633,0.42200058698654175,0.21830308437347412,-0.0006222460651770234,0.372799813747406,0.5641940236091614,0.001178138074465096,0.30786725878715515,0.586501955986023,0.028035534545779228,0.35267186164855957,0.601534903049469,0.043514687567949295,0.3896620571613312,0.601931631565094,0.04997672513127327,0.3555608093738556,0.6979436874389648,-0.002612640615552664,0.31083911657333374,0.6979296207427979,0.03669848293066025,0.3557318449020386,0.7017022967338562,0.05191471800208092,0.39275994896888733,0.7027617692947388,0.0513501800596714,0.36143213510513306,0.8305279016494751,-2.1403486243798397e-05,0.3255617022514343,0.8113406896591187,0.04300612211227417,0.3620380461215973,0.8069448471069336,0.06033504381775856,0.40127021074295044,0.8082877993583679,0.05748164653778076,0.37854593992233276,0.9344349503517151,0.0035925093106925488,0.35494905710220337,0.9071972370147705,0.04119584709405899,0.38859787583351135,0.8981145620346069,0.06464120000600815,0.41927075386047363,0.8961838483810425,0.0750243216753006,GO_UP
0.6541026830673218,0.8601601123809814,-4.4162032963868114e-07,0.6070729494094849,0.686210036277771,-0.016368834301829338,0.5393733978271484,0.47255373001098633,-0.04593871533870697,0.5104097723960876,0.306854784488678,-0.07131136208772659,0.5057881474494934,0.17410527169704437,-0.09754640609025955,0.5597022175788879,0.53121018409729,-0.12257830053567886,0.3950735330581665,0.5394673943519592,-0.16095614433288574,0.4213518798351288,0.5826201438903809,-0.16513068974018097,0.46838119626045227,0.577116072177887,-0.16539539396762848,0.5709352493286133,0.6767672300338745,-0.1362171322107315,0.3875657021999359,0.6797597408294678,-0.17292535305023193,0.4216480851173401,0.7039430737495422,-0.1604783684015274,0.4785926938056946,0.7125423550605774,-0.15468807518482208,0.5785062313079834,0.8188081979751587,-0.14630897343158722,0.409638375043869,0.8154475688934326,-0.17839357256889343,0.4467935860157013,0.8279786705970764,-0.15076662600040436,0.5045685172080994,0.8284082412719727,-0.1330203264951706,0.5787874460220337,0.9464854598045349,-0.15582245588302612,0.44960319995880127,0.9366022944450378,-0.18305091559886932,0.475877970457077,0.9283790588378906,-0.16868102550506592,0.5232751369476318,0.9222991466522217,-0.15794220566749573,GO_UP
0.576088011264801,0.8151991963386536,-7.018996370788955e-07,0.5238637328147888,0.6258554458618164,-0.06246434897184372,0.5005384087562561,0.42341455817222595,-0.0952618271112442,0.4865356683731079,0.2703458368778229,-0.11750548332929611,0.48565611243247986,0.12289754301309586,-0.1304682195186615,0.6320237517356873,0.4640602171421051,-0.08827659487724304,0.4587096571922302,0.49770522117614746,-0.13868482410907745,0.4628952741622925,0.5526275634765625,-0.16265353560447693,0.5144925713539124,0.5603593587875366,-0.17601539194583893,0.66767817735672,0.6071022748947144,-0.08313146233558655,0.46220284700393677,0.6625130772590637,-0.1263592690229416,0.4839208126068115,0.6939945220947266,-0.1332760602235794,0.545305073261261,0.688153088092804,-0.13974739611148834,0.6776957511901855,0.759791910648346,-0.08460687845945358,0.4912164509296417,0.7992917895317078,-0.1307995468378067,0.5104835033416748,0.8193458914756775,-0.12049385905265808,0.5647789239883423,0.8156391382217407,-0.10966221243143082,0.672748863697052,0.9038562178611755,-0.0930660143494606,0.5394394397735596,0.9293241500854492,-0.13168562948703766,0.5396031141281128,0.9277952909469604,-0.13299843668937683,0.5712909698486328,0.9223428964614868,-0.12853968143463135,GO_UP
0.5847471356391907,0.8603266477584839,-5.959940949651354e-07,0.5532850027084351,0.6936156749725342,-0.0312393456697464,0.5383445620536804,0.5386892557144165,-0.05226258188486099,0.5325141549110413,0.4109160304069519,-0.06752599030733109,0.5254393219947815,0.2986290752887726,-0.07811428606510162,0.6157408356666565,0.5775132179260254,-0.06305582821369171,0.48636293411254883,0.5724673867225647,-0.09339746832847595,0.4891458749771118,0.6193764209747314,-0.10012877732515335,0.525050938129425,0.6252623796463013,-0.10203106701374054,0.6305065751075745,0.6864774823188782,-0.06482288241386414,0.4793592691421509,0.6884831786155701,-0.09227582812309265,0.49866214394569397,0.7159847617149353,-0.0905979797244072,0.5387614369392395,0.7114541530609131,-0.09179309010505676,0.6315446496009827,0.7942579388618469,-0.06893878430128098,0.49193325638771057,0.7931874394416809,-0.09638345241546631,0.5161470770835876,0.8106164932250977,-0.08784432709217072,0.5566065907478333,0.8102131485939026,-0.08200410008430481,0.6259749531745911,0.8948572874069214,-0.0756104364991188,0.5193115472793579,0.8882209062576294,-0.09692089259624481,0.5349717736244202,0.8882973194122314,-0.0965292677283287,0.5720953345298767,0.8838746547698975,-0.09461236000061035,GO_UP
0.5833836197853088,0.8603307008743286,-5.661124191647104e-07,0.5531173348426819,0.6942934393882751,-0.03452808037400246,0.5406273007392883,0.5368526577949524,-0.055323950946331024,0.5368170142173767,0.4091285467147827,-0.06997464597225189,0.5289813876152039,0.2981773614883423,-0.07959786802530289,0.6207846403121948,0.5826172828674316,-0.06002971529960632,0.4896541237831116,0.5780346393585205,-0.09251578152179718,0.49315738677978516,0.620357871055603,-0.10213603079319,0.5310608744621277,0.6242517232894897,-0.10544365644454956,0.6362345218658447,0.6894983649253845,-0.06011296808719635,0.4845442771911621,0.6964510083198547,-0.08857148885726929,0.5047914981842041,0.719122588634491,-0.08797652274370193,0.5477044582366943,0.7106104493141174,-0.08920348435640335,0.6380327343940735,0.7969851493835449,-0.06361494213342667,0.49696213006973267,0.8026633262634277,-0.09360963851213455,0.5215807557106018,0.8146954774856567,-0.08621440827846527,0.5637285709381104,0.8118007183074951,-0.07970564067363739,0.6320374011993408,0.8972324132919312,-0.0702601969242096,0.5248641967773438,0.8985663652420044,-0.093997061252594,0.541801393032074,0.8974542021751404,-0.09524841606616974,0.5808457136154175,0.8932035565376282,-0.09354524314403534,GO_UP
0.5787402391433716,0.8391423225402832,-5.210128506405454e-07,0.5532256364822388,0.6805579662322998,-0.03823409974575043,0.5431277751922607,0.5303870439529419,-0.06058226898312569,0.5395647883415222,0.40534093976020813,-0.07625517249107361,0.536987841129303,0.2933117151260376,-0.08635630458593369,0.625417947769165,0.5868946313858032,-0.06092312932014465,0.49403896927833557,0.580877959728241,-0.09328712522983551,0.49630433320999146,0.6143407225608826,-0.10315103828907013,0.5338293313980103,0.6152120232582092,-0.10677283257246017,0.6409051418304443,0.6933764219284058,-0.05935725197196007,0.4866856634616852,0.6979681849479675,-0.08692379295825958,0.5072014331817627,0.7200470566749573,-0.08594197034835815,0.5528994798660278,0.7113520503044128,-0.0869179219007492,0.641148030757904,0.801274836063385,-0.061801180243492126,0.4979524612426758,0.8067737817764282,-0.09154607355594635,0.5230951905250549,0.8185260891914368,-0.08370313048362732,0.5672043561935425,0.8140709400177002,-0.07681821286678314,0.633602499961853,0.9025436043739319,-0.06798607110977173,0.5258687138557434,0.9055744409561157,-0.09211911261081696,0.5412181615829468,0.9030096530914307,-0.09393081068992615,0.5783747434616089,0.8960927724838257,-0.09265744686126709,GO_UP
0.5992883443832397,0.9167943596839905,-7.115839935067925e-07,0.5521829128265381,0.7332462668418884,-0.042493946850299835,0.5532451272010803,0.5433557629585266,-0.05962584167718887,0.5630127787590027,0.40983664989471436,-0.07005336880683899,0.564569890499115,0.29491692781448364,-0.07209541648626328,0.6856123805046082,0.5267497301101685,-0.0398334376513958,0.5700979232788086,0.5409677624702454,-0.07464486360549927,0.5587541460990906,0.623163104057312,-0.09311743080615997,0.5890912413597107,0.6482424736022949,-0.10423266142606735,0.7152523994445801,0.6240541338920593,-0.0367208793759346,0.5725432634353638,0.6554953455924988,-0.07021952420473099,0.5665674209594727,0.7247793078422546,-0.07637752592563629,0.6026095747947693,0.7452423572540283,-0.07890607416629791,0.7210548520088196,0.7344514727592468,-0.039923783391714096,0.5891083478927612,0.7585099339485168,-0.0747450664639473,0.5853499174118042,0.8055648803710938,-0.06821886450052261,0.6191443204879761,0.8205221891403198,-0.05926146358251572,0.7136433720588684,0.8435818552970886,-0.047934841364622116,0.6177712082862854,0.8506425023078918,-0.07528502494096756,0.6108982563018799,0.871677815914154,-0.07602208852767944,0.6368740200996399,0.8818498253822327,-0.07088543474674225,GO_UP
0.6018475890159607,0.9035440683364868,-7.248719953167893e-07,0.5557049512863159,0.7289219498634338,-0.042423173785209656,0.5553874373435974,0.5403666496276855,-0.05902574211359024,0.5625030398368835,0.4093066155910492,-0.06919778138399124,0.5604742765426636,0.29785966873168945,-0.07158185541629791,0.6881333589553833,0.5157002210617065,-0.036883287131786346,0.5747477412223816,0.5388780236244202,-0.07074511051177979,0.5626582503318787,0.6225046515464783,-0.08976799249649048,0.5912520289421082,0.6487267017364502,-0.10143539309501648,0.7208864688873291,0.6113743185997009,-0.03310583531856537,0.5817241668701172,0.650867223739624,-0.06561104208230972,0.5742011666297913,0.7203021049499512,-0.07255541533231735,0.6070570349693298,0.7410830855369568,-0.07580102980136871,0.7294910550117493,0.7212622761726379,-0.035679981112480164,0.6009545922279358,0.7503171563148499,-0.06970560550689697,0.5947039723396301,0.7967614531517029,-0.06435227394104004,0.6251506209373474,0.8100794553756714,-0.056332677602767944,0.7248830795288086,0.8298744559288025,-0.042950067669153214,0.6318265199661255,0.8406803607940674,-0.0686998963356018,0.6233460903167725,0.8601891994476318,-0.06936255097389221,0.6471095085144043,0.8667754530906677,-0.06461111456155777,GO_UP
0.5994005799293518,0.8833997845649719,-8.313884904964652e-07,0.5612102150917053,0.7309792041778564,-0.04605012759566307,0.5579927563667297,0.5528836846351624,-0.06698323041200638,0.5614616274833679,0.42535144090652466,-0.08095718175172806,0.5567269325256348,0.3150634169578552,-0.08744487911462784,0.7017192840576172,0.503296434879303,-0.04183806851506233,0.6064516305923462,0.5218949913978577,-0.07505642622709274,0.5843508243560791,0.6040467023849487,-0.09304546564817429,0.6046018004417419,0.6390075087547302,-0.1047796979546547,0.7432312965393066,0.5849609971046448,-0.03694407641887665,0.6266410946846008,0.6276592016220093,-0.0669412612915039,0.6025791764259338,0.6882491707801819,-0.07431885600090027,0.6225939989089966,0.7066540718078613,-0.07891131192445755,0.7587054371833801,0.6894837617874146,-0.03820166736841202,0.6499783992767334,0.7245821952819824,-0.07165877521038055,0.6268022656440735,0.7665668725967407,-0.06754540652036667,0.6447548866271973,0.7794966101646423,-0.061791546642780304,0.7626569867134094,0.7964667081832886,-0.04457554966211319,0.6804479956626892,0.8191423416137695,-0.07027742266654968,0.651268720626831,0.83694988489151,-0.07128573954105377,0.655640721321106,0.8398290872573853,-0.06777067482471466,GO_UP
0.601307213306427,0.8853222131729126,-7.916651725281554e-07,0.556466281414032,0.7356896996498108,-0.044847272336483,0.5458278059959412,0.5564178228378296,-0.06598634272813797,0.544858992099762,0.4288206696510315,-0.08092628419399261,0.538519561290741,0.3212699890136719,-0.08822187781333923,0.692528247833252,0.49001777172088623,-0.0389261357486248,0.6065302491188049,0.5035901069641113,-0.07179297506809235,0.5857294201850891,0.5919002890586853,-0.0889226645231247,0.601490318775177,0.6355878114700317,-0.0996989905834198,0.7378764152526855,0.5597721338272095,-0.03486325219273567,0.6329390406608582,0.599981963634491,-0.06563935428857803,0.6093499660491943,0.6684116721153259,-0.07341475784778595,0.6269352436065674,0.6933814883232117,-0.0775568038225174,0.7578849792480469,0.6577014923095703,-0.0369676873087883,0.6596288681030273,0.694786012172699,-0.06985257565975189,0.6347641348838806,0.742659330368042,-0.06539575755596161,0.6503069400787354,0.7571582198143005,-0.05950654298067093,0.7647845149040222,0.7615315914154053,-0.044379208236932755,0.6919270753860474,0.7894041538238525,-0.06925439089536667,0.663020670413971,0.8158338069915771,-0.06980177760124207,0.6669870018959045,0.8232239484786987,-0.06610419601202011,GO_UP
0.6082691550254822,0.8948240876197815,-7.672423407711904e-07,0.5623841285705566,0.7474801540374756,-0.04894380271434784,0.5509267449378967,0.5684124827384949,-0.07177682220935822,0.5495928525924683,0.4385981857776642,-0.08765891939401627,0.5462460517883301,0.327549010515213,-0.09474734961986542,0.6981446146965027,0.48524177074432373,-0.040023885667324066,0.6126423478126526,0.4999590218067169,-0.07568854838609695,0.5919864773750305,0.5872045755386353,-0.09240595996379852,0.6098158955574036,0.6212959885597229,-0.10228871554136276,0.7442491054534912,0.554192841053009,-0.03464670106768608,0.6402116417884827,0.5966851115226746,-0.06975626945495605,0.6147963404655457,0.6662829518318176,-0.07697652280330658,0.6353079676628113,0.6807250380516052,-0.07921113818883896,0.7650560736656189,0.6534445881843567,-0.036342620849609375,0.6676164865493774,0.6908110976219177,-0.0733584463596344,0.6407313942909241,0.7393699884414673,-0.0676652044057846,0.6587448120117188,0.7457974553108215,-0.059622038155794144,0.7726459503173828,0.7579019665718079,-0.04356944561004639,0.6996663212776184,0.7859753370285034,-0.07063135504722595,0.6706862449645996,0.8125985860824585,-0.07110489904880524,0.6778081655502319,0.8155092000961304,-0.0664953663945198,GO_UP
0.5921472311019897,0.9116402268409729,-8.135705797940318e-07,0.5465179085731506,0.7288617491722107,-0.04265768826007843,0.5478365421295166,0.5383806228637695,-0.06011848896741867,0.5582617521286011,0.40689656138420105,-0.07161057740449905,0.5555835962295532,0.2963406443595886,-0.07542058080434799,0.6891738176345825,0.5026838779449463,-0.034823838621377945,0.5898222923278809,0.5000441074371338,-0.06908556818962097,0.569571316242218,0.5924275517463684,-0.08767661452293396,0.5926358103752136,0.6318183541297913,-0.0996318981051445,0.7269843816757202,0.586271345615387,-0.03161925449967384,0.6009116768836975,0.6102973222732544,-0.06584130972623825,0.5806706547737122,0.6813083291053772,-0.07272765040397644,0.606415331363678,0.7071751952171326,-0.07544375956058502,0.7386109828948975,0.6911205649375916,-0.03527529165148735,0.6224856376647949,0.7097388505935669,-0.07144396007061005,0.60206538438797,0.7598212361335754,-0.06549542397260666,0.6266530752182007,0.7772101759910583,-0.057187773287296295,0.7383704781532288,0.7982314229011536,-0.04390113428235054,0.6503793597221375,0.8106929063796997,-0.07050943374633789,0.6272546052932739,0.8334302306175232,-0.07112795114517212,0.6433513760566711,0.8400468826293945,-0.06661445647478104,GO_UP
0.5908904075622559,0.9127902984619141,-6.446572911045223e-07,0.5548133254051208,0.7181746363639832,-0.03554379567503929,0.5527581572532654,0.5331043601036072,-0.05353296175599098,0.5553448796272278,0.39957499504089355,-0.06645066291093826,0.5522485971450806,0.28699028491973877,-0.07196922600269318,0.6700985431671143,0.5217912197113037,-0.039205919951200485,0.5529999732971191,0.5180729627609253,-0.0726962462067604,0.5407443642616272,0.6002308130264282,-0.08778276294469833,0.5689417123794556,0.6282602548599243,-0.09628643840551376,0.6946772336959839,0.617760419845581,-0.03991438448429108,0.5513300895690918,0.6317571997642517,-0.07214517891407013,0.5482735633850098,0.6997325420379639,-0.07667366415262222,0.583058774471283,0.7196685075759888,-0.07857341319322586,0.6967931389808655,0.7268772125244141,-0.045981116592884064,0.5648720860481262,0.7335088849067688,-0.07877679914236069,0.5663450956344604,0.7817270159721375,-0.0720328614115715,0.5998499393463135,0.7985557317733765,-0.06350438296794891,0.6861975193023682,0.8345492482185364,-0.055915676057338715,0.5886738896369934,0.8302699327468872,-0.07979712635278702,0.586483895778656,0.8520985245704651,-0.07938598841428757,0.613621711730957,0.8633458018302917,-0.07427173107862473,GO_UP
0.6346829533576965,0.8837665319442749,-3.7751109971395636e-07,0.6210044026374817,0.7243216037750244,-0.004937469493597746,0.5790106058120728,0.5355691909790039,-0.02322235144674778,0.5551272630691528,0.396803081035614,-0.03998056799173355,0.5487030148506165,0.2869458794593811,-0.05690750852227211,0.5710025429725647,0.5604903697967529,-0.07515785098075867,0.4467218220233917,0.5065405368804932,-0.10613057017326355,0.46375635266304016,0.5492787957191467,-0.11304816603660583,0.4994141459465027,0.5677858591079712,-0.11392504721879959,0.5565411448478699,0.6704443097114563,-0.08763839304447174,0.4204752445220947,0.607451856136322,-0.11328696459531784,0.4508756697177887,0.6397074460983276,-0.10371442884206772,0.49358075857162476,0.6614184975624084,-0.0981074646115303,0.5440922975540161,0.7788276076316833,-0.09772930294275284,0.4245162606239319,0.7155929803848267,-0.11962924897670746,0.45676156878471375,0.7393296957015991,-0.09692505747079849,0.49775809049606323,0.7573617696762085,-0.08142095804214478,0.5309960246086121,0.8777380585670471,-0.10700421780347824,0.4380967915058136,0.8148757815361023,-0.12324833124876022,0.461576372385025,0.8209158182144165,-0.10826204717159271,0.4964335858821869,0.8368887305259705,-0.0964389368891716,GO_UP
0.6258621215820312,0.8699778914451599,-2.0086682184228266e-07,0.6128617525100708,0.7103365063667297,-0.007237207610160112,0.5725436210632324,0.525271475315094,-0.023027567192912102,0.5517506003379822,0.3840927481651306,-0.03670932725071907,0.5378676056861877,0.28581538796424866,-0.05060149356722832,0.5411493182182312,0.5547594428062439,-0.06560426205396652,0.4376695454120636,0.5084245800971985,-0.08875340223312378,0.4539433717727661,0.5419864654541016,-0.0953686386346817,0.48749011754989624,0.5587573647499084,-0.0976422131061554,0.5178585648536682,0.662134051322937,-0.07443608343601227,0.40760383009910583,0.6013700366020203,-0.09254778176546097,0.43659746646881104,0.6312037706375122,-0.08526798337697983,0.4781717360019684,0.6543651819229126,-0.0817013829946518,0.50192791223526,0.7670203447341919,-0.08091175556182861,0.4048410654067993,0.7060028314590454,-0.09465353935956955,0.43653103709220886,0.7228744029998779,-0.07550417631864548,0.4777141809463501,0.7401466965675354,-0.06378288567066193,0.49118754267692566,0.8635951280593872,-0.0871279388666153,0.4208078682422638,0.8084113001823425,-0.09674578905105591,0.44349372386932373,0.8071036338806152,-0.08266574144363403,0.47539085149765015,0.815892219543457,-0.07230434566736221,GO_UP
0.6039981245994568,0.8658028841018677,-2.5498358979803015e-08,0.5967549085617065,0.6894564628601074,-0.0012740087695419788,0.5660997629165649,0.5359705686569214,-0.01423618197441101,0.5454955101013184,0.3978801965713501,-0.02673059143126011,0.5308904051780701,0.29680338501930237,-0.03916662558913231,0.48442304134368896,0.547068178653717,-0.03664897382259369,0.4149925410747528,0.5016468167304993,-0.04138471931219101,0.442987322807312,0.5268159508705139,-0.04015403985977173,0.4713221788406372,0.5405609607696533,-0.03916280344128609,0.4563346207141876,0.6495896577835083,-0.041897647082805634,0.3962826430797577,0.5835548639297485,-0.03776974603533745,0.4261831045150757,0.6047121286392212,-0.02829913981258869,0.4550078809261322,0.6290877461433411,-0.025955041870474815,0.44041168689727783,0.7548274397850037,-0.04410075396299362,0.38811907172203064,0.6817671060562134,-0.03632824867963791,0.415934681892395,0.6960394978523254,-0.018464094027876854,0.44497933983802795,0.7194421887397766,-0.011930491775274277,0.4337967038154602,0.8492572903633118,-0.045983511954545975,0.39235350489616394,0.7779825925827026,-0.03776741772890091,0.4173395335674286,0.782135546207428,-0.018370358273386955,0.44094914197921753,0.7992183566093445,-0.005859671160578728,GO_UP
0.595988929271698,0.8107946515083313,-3.506417556309316e-07,0.5806079506874084,0.6556784510612488,0.022838283330202103,0.5451774597167969,0.5164637565612793,0.02951042354106903,0.5082154273986816,0.40151268243789673,0.03299197182059288,0.4862390458583832,0.32081446051597595,0.03631270304322243,0.4721154272556305,0.47702088952064514,0.012167149223387241,0.40155088901519775,0.49444153904914856,0.028921741992235184,0.42109325528144836,0.5381144285202026,0.041022513061761856,0.4452691078186035,0.541767954826355,0.04674072191119194,0.45061495900154114,0.551617443561554,0.0018825066508725286,0.38843849301338196,0.5764437317848206,0.023250848054885864,0.411268025636673,0.6164669394493103,0.03527487441897392,0.43845751881599426,0.6203309297561646,0.037700604647397995,0.4374501407146454,0.6422474384307861,-0.004087311681360006,0.3823423981666565,0.6565567255020142,0.0172390379011631,0.4071365296840668,0.6880140900611877,0.032310422509908676,0.4347398579120636,0.6913784742355347,0.034489117562770844,0.4326545000076294,0.7361024022102356,-0.008237099274992943,0.3899244964122772,0.7325491905212402,0.009096389636397362,0.4155365228652954,0.7558568120002747,0.026665549725294113,0.44110536575317383,0.7615342140197754,0.036757491528987885,GO_UP
0.6204126477241516,0.8567373156547546,-1.7042245303855452e-07,0.576072633266449,0.7207146286964417,-0.01105164922773838,0.505298376083374,0.5709385275840759,-0.036135025322437286,0.4704895615577698,0.4413932263851166,-0.057573094964027405,0.4501805901527405,0.34096193313598633,-0.08037073165178299,0.5014058947563171,0.6273233890533447,-0.10346590727567673,0.379769504070282,0.656898558139801,-0.12928877770900726,0.3987445533275604,0.6783011555671692,-0.12954847514629364,0.4353557229042053,0.6712177991867065,-0.12751077115535736,0.5111315846443176,0.7418718338012695,-0.11251257359981537,0.37954068183898926,0.7658035755157471,-0.13562558591365814,0.40545037388801575,0.7715020179748535,-0.12437685579061508,0.4511603116989136,0.7640300989151001,-0.11889716237783432,0.5220670700073242,0.8496851921081543,-0.11709200590848923,0.4013729691505432,0.8700588345527649,-0.1332440972328186,0.42996519804000854,0.8624020218849182,-0.11042285710573196,0.4754253327846527,0.8469913005828857,-0.09739750623703003,0.5326592922210693,0.9461122155189514,-0.12112056463956833,0.44229423999786377,0.9569362998008728,-0.13475264608860016,0.46115949749946594,0.9412211775779724,-0.12075167149305344,0.4953209161758423,0.9275016188621521,-0.11124730110168457,GO_UP
0.5844605565071106,0.9019808769226074,-8.318559139297577e-07,0.5275969505310059,0.7766536474227905,-0.04783724993467331,0.4982421100139618,0.6091184020042419,-0.07225987315177917,0.47853994369506836,0.485027015209198,-0.08939052373170853,0.45473912358283997,0.3800618350505829,-0.09887456148862839,0.6397992968559265,0.5006268620491028,-0.046652067452669144,0.5599119067192078,0.5652833580970764,-0.07980229705572128,0.5448457598686218,0.64806067943573,-0.09696940332651138,0.5611032843589783,0.6811908483505249,-0.10772920399904251,0.6918956637382507,0.566718578338623,-0.04159514605998993,0.5946712493896484,0.6627544164657593,-0.07065146416425705,0.5749000906944275,0.7239681482315063,-0.07820180803537369,0.5903652310371399,0.7365686893463135,-0.08359107375144958,0.7216488122940063,0.6608728170394897,-0.04228104278445244,0.633324384689331,0.7417141199111938,-0.0756005197763443,0.6085865497589111,0.785976231098175,-0.07113140821456909,0.6171623468399048,0.791690468788147,-0.06562510877847672,0.7384493350982666,0.7616180777549744,-0.048329710960388184,0.6800872683525085,0.8166187405586243,-0.07595093548297882,0.6465401649475098,0.8479042649269104,-0.07585035264492035,0.637519121170044,0.8519248366355896,-0.07132240384817123,GO_UP
0.7016820907592773,0.910271406173706,-9.38402479278011e-07,0.6668725609779358,0.7837921380996704,-0.05697651579976082,0.6614837646484375,0.6126030683517456,-0.08714666962623596,0.6582372784614563,0.4802207350730896,-0.1094556376338005,0.651841402053833,0.3603294789791107,-0.12207480520009995,0.8225695490837097,0.5310611724853516,-0.0509612001478672,0.7979812026023865,0.6354846358299255,-0.0886714980006218,0.7587253451347351,0.6854314804077148,-0.10365238040685654,0.750811755657196,0.6637337803840637,-0.11370182782411575,0.8745895028114319,0.601629376411438,-0.04355345293879509,0.831621527671814,0.7337456941604614,-0.08447331935167313,0.7763162851333618,0.7700258493423462,-0.09306389093399048,0.774040162563324,0.7266995310783386,-0.0958336815237999,0.9012073874473572,0.69703209400177,-0.04294924810528755,0.8538223505020142,0.810482382774353,-0.08631905913352966,0.8023393154144287,0.8328968286514282,-0.08210664987564087,0.7990731596946716,0.7884413003921509,-0.07475428283214569,0.9119234085083008,0.7977451086044312,-0.048013392835855484,0.8781658411026001,0.88340824842453,-0.08086033910512924,0.8296560049057007,0.8908185362815857,-0.08316259831190109,0.815692663192749,0.8467146754264832,-0.07980731874704361,GO_UP
0,1,2,3,4,5,6,7,8,9,10,11,12,13,14,15,16,17,18,19,20,21,22,23,24,25,26,27,28,29,30,31,32,33,34,35,36,37,38,39,40,41,42,43,44,45,46,47,48,49,50,51,52,53,54,55,56,57,58,59,60,61,62,63
0.6552678346633911,0.5413076877593994,-1.3732218917539285e-07,0.5752695202827454,0.5971806049346924,0.02792608179152012,0.5076618790626526,0.5729354023933411,0.03360661491751671,0.46485716104507446,0.5438510179519653,0.030884530395269394,0.4323098957538605,0.5154656171798706,0.026028664782643318,0.4685095250606537,0.4786757826805115,0.01833483949303627,0.38946595788002014,0.5356638431549072,0.006997496355324984,0.33811867237091064,0.5710197687149048,-0.002980191493406892,0.2937799096107483,0.5933048725128174,-0.012349311262369156,0.4729650020599365,0.4689647853374481,-0.00851851049810648,0.37089183926582336,0.5405924320220947,-0.022817810997366905,0.31032341718673706,0.5695278644561768,-0.034205999225378036,0.2600255310535431,0.5850745439529419,-0.04506450518965721,0.4846826195716858,0.48600995540618896,-0.03476439043879509,0.3834821581840515,0.5397128462791443,-0.048239029943943024,0.32522836327552795,0.5609474778175354,-0.05785997584462166,0.2775062322616577,0.5697787404060364,-0.0677601769566536,0.4975917339324951,0.5184944868087769,-0.05916117504239082,0.43245548009872437,0.5358588099479675,-0.07566403597593307,0.38639023900032043,0.5485864877700806,-0.08702008426189423,0.34449800848960876,0.559447169303894,-0.09748101979494095,OUT_OF_AIR
0.6492553353309631,0.5385532379150391,8.560617104080848e-09,0.5608101487159729,0.6181139945983887,0.024379288777709007,0.49586305022239685,0.6002811193466187,0.027681687846779823,0.45200854539871216,0.5807121992111206,0.022422941401600838,0.4160915017127991,0.5640155673027039,0.014953935518860817,0.46472519636154175,0.49607062339782715,0.017577657476067543,0.3851358890533447,0.5468989610671997,0.007110884413123131,0.3373081684112549,0.5759606957435608,-0.0017773020081222057,0.2939419150352478,0.5929518342018127,-0.010852362960577011,0.46699467301368713,0.47583016753196716,-0.007971622981131077,0.3639656901359558,0.5357710123062134,-0.02571389265358448,0.3055228888988495,0.5576895475387573,-0.04060009494423866,0.2530902624130249,0.5658755302429199,-0.05280669778585434,0.482209175825119,0.4804019331932068,-0.03254733234643936,0.3845190405845642,0.5249571204185486,-0.048224158585071564,0.32931315898895264,0.5363889336585999,-0.05912916734814644,0.2817595899105072,0.5365018248558044,-0.06925134360790253,0.5007208585739136,0.5023164749145508,-0.05536188557744026,0.44143906235694885,0.5217747688293457,-0.0713886246085167,0.40018823742866516,0.5361356139183044,-0.08120899647474289,0.3603268265724182,0.5435277819633484,-0.09039508551359177,OUT_OF_AIR
0.6459333896636963,0.5581274628639221,-1.3180893176922837e-07,0.5689968466758728,0.5277715921401978,0.04590999335050583,0.5054382681846619,0.5256913900375366,0.06022675707936287,0.4576261341571808,0.5327960848808289,0.06405140459537506,0.4208008050918579,0.5539836287498474,0.06352715939283371,0.4580991268157959,0.4896348714828491,0.014496222138404846,0.3691060245037079,0.5259435772895813,-3.8447371480287984e-05,0.31223544478416443,0.5521599650382996,-0.00764293922111392,0.2649151086807251,0.573952853679657,-0.013591514900326729,0.46370837092399597,0.4944063127040863,-0.020105957984924316,0.35468751192092896,0.534049928188324,-0.038712311536073685,0.28817853331565857,0.5607215762138367,-0.049463652074337006,0.23577739298343658,0.5799950957298279,-0.05844351649284363,0.47777339816093445,0.5320592522621155,-0.051110316067934036,0.37495145201683044,0.5681386590003967,-0.06711145490407944,0.31767529249191284,0.5939736366271973,-0.07714056223630905,0.272310346364975,0.6108765006065369,-0.08594302833080292,0.4949653446674347,0.5904700756072998,-0.07745826244354248,0.42254576086997986,0.6134750843048096,-0.09786451607942581,0.3762303292751312,0.6277145147323608,-0.11008727550506592,0.3353327214717865,0.6398006081581116,-0.11954877525568008,OUT_OF_AIR
0.6446218490600586,0.5822805762290955,-1.2272290916826023e-07,0.5531679391860962,0.6401275992393494,0.03170383349061012,0.4895724356174469,0.6191436648368835,0.038256991654634476,0.4473103880882263,0.5957134962081909,0.03544838726520538,0.4158300757408142,0.5736980438232422,0.028958037495613098,0.4558464288711548,0.4906691312789917,0.017248379066586494,0.3726367652416229,0.5421063899993896,0.0037973737344145775,0.3163835108280182,0.568898618221283,-0.007471132092177868,0.26830005645751953,0.5836073160171509,-0.018094852566719055,0.46131718158721924,0.4763845205307007,-0.012648534961044788,0.35323968529701233,0.5351589918136597,-0.030444113537669182,0.28795507550239563,0.5530867576599121,-0.044250573962926865,0.23433078825473785,0.5582318902015686,-0.05643388256430626,0.47515857219696045,0.4974342882633209,-0.04140424355864525,0.36763614416122437,0.5389882922172546,-0.06066909432411194,0.3064534664154053,0.5488647818565369,-0.07304231822490692,0.25493714213371277,0.5479170680046082,-0.08373384922742844,0.4916692078113556,0.5430468320846558,-0.06737066060304642,0.42307695746421814,0.5591941475868225,-0.09191001206636429,0.37531471252441406,0.5699406266212463,-0.1067509800195694,0.33110928535461426,0.5771426558494568,-0.11848021298646927,OUT_OF_AIR
0.6326918005943298,0.5630214214324951,-2.048199405635387e-07,0.5513312816619873,0.6020417809486389,0.04989577457308769,0.4822351336479187,0.5951806902885437,0.06141987070441246,0.43266135454177856,0.5899083614349365,0.061179302632808685,0.3914113938808441,0.5936660170555115,0.05596001446247101,0.4424724876880646,0.5146814584732056,0.01492171548306942,0.35711175203323364,0.5600995421409607,0.0025355706457048655,0.30434203147888184,0.5884576439857483,-0.00576926302164793,0.25931015610694885,0.6080426573753357,-0.014157621189951897,0.45173177123069763,0.5057717561721802,-0.024236993864178658,0.3497665822505951,0.573544442653656,-0.04154377803206444,0.28605788946151733,0.6063857078552246,-0.05389700457453728,0.23346711695194244,0.6248765587806702,-0.0664864182472229,0.46845754981040955,0.5287057757377625,-0.05976742506027222,0.36696505546569824,0.5759874582290649,-0.0754486620426178,0.3042062222957611,0.5985392928123474,-0.08696604520082474,0.25286373496055603,0.607467532157898,-0.09945804625749588,0.48600339889526367,0.5712648630142212,-0.09046196192502975,0.4162676930427551,0.5945796966552734,-0.11130768805742264,0.3683886229991913,0.611248254776001,-0.12543025612831116,0.3261433243751526,0.6239888668060303,-0.1386536806821823,OUT_OF_AIR
0.6136655807495117,0.5980135798454285,-1.6956445847426949e-07,0.5340815186500549,0.6529054641723633,0.04042802006006241,0.466731458902359,0.6594893336296082,0.05100041627883911,0.41631948947906494,0.6630160808563232,0.051228731870651245,0.37548792362213135,0.6780665516853333,0.04725109785795212,0.42607587575912476,0.5596495866775513,0.017275383695960045,0.34818071126937866,0.6116265058517456,0.004457414150238037,0.2969053089618683,0.6447080969810486,-0.005663150455802679,0.25165462493896484,0.6692503690719604,-0.015457043424248695,0.43511468172073364,0.5461260676383972,-0.0167939942330122,0.333735853433609,0.6199021339416504,-0.03558163717389107,0.2727033495903015,0.6545441746711731,-0.04998229071497917,0.22125792503356934,0.6747530102729797,-0.06311967223882675,0.45254507660865784,0.5659435987472534,-0.04833262413740158,0.3541290760040283,0.6285431385040283,-0.06595872342586517,0.29764217138290405,0.6556766033172607,-0.077638179063797,0.2498508244752884,0.6683520078659058,-0.0888700783252716,0.4718051850795746,0.607652485370636,-0.07615992426872253,0.40482303500175476,0.641431987285614,-0.09761877357959747,0.35995617508888245,0.6608434319496155,-0.11126143485307693,0.3175875246524811,0.6725420355796814,-0.1233605295419693,OUT_OF_AIR
0.6090394258499146,0.612399160861969,2.9820856894957615e-08,0.521409809589386,0.6920897960662842,0.03783264011144638,0.45694324374198914,0.6822552680969238,0.04733068495988846,0.41408759355545044,0.6670902371406555,0.044475726783275604,0.3739858865737915,0.6580420136451721,0.0377630889415741,0.41744229197502136,0.6012890338897705,0.03400760516524315,0.3431483507156372,0.6172031760215759,0.024054517969489098,0.29520341753959656,0.6267258524894714,0.014235773123800755,0.25224748253822327,0.625275194644928,0.003852495225146413,0.42312803864479065,0.575870156288147,-0.001395526109263301,0.3289460241794586,0.607400119304657,-0.021500229835510254,0.27239298820495605,0.616097092628479,-0.039531487971544266,0.2197408378124237,0.6123201251029968,-0.05356638506054878,0.44004449248313904,0.5659055113792419,-0.0359739251434803,0.3491154611110687,0.5965960621833801,-0.05764336884021759,0.2936038076877594,0.6012506484985352,-0.07188737392425537,0.24585546553134918,0.5961194634437561,-0.08292514830827713,0.46120497584342957,0.5680954456329346,-0.06755315512418747,0.3947335481643677,0.5885486006736755,-0.08912540227174759,0.3506163954734802,0.5999133586883545,-0.10098432004451752,0.3097558617591858,0.6016721725463867,-0.11116435378789902,OUT_OF_AIR
0.6042311191558838,0.6147667765617371,3.666227854637327e-08,0.5215019583702087,0.6950172781944275,0.034513261169195175,0.45561233162879944,0.6842390298843384,0.0417972132563591,0.41073063015937805,0.6709948778152466,0.03755108267068863,0.3693704903125763,0.6619754433631897,0.029683811590075493,0.4139597415924072,0.6130155324935913,0.02492971159517765,0.3366987109184265,0.6283206343650818,0.012091513723134995,0.28765374422073364,0.6376892924308777,0.001055780565366149,0.24354422092437744,0.6388679146766663,-0.010287284851074219,0.41914600133895874,0.5866538882255554,-0.010148653760552406,0.3227578401565552,0.6223782300949097,-0.03160950541496277,0.26518526673316956,0.6342467069625854,-0.05004875361919403,0.2108084261417389,0.63801109790802,-0.06508997082710266,0.436099112033844,0.5769881010055542,-0.04430314153432846,0.3425641655921936,0.6056761741638184,-0.06665832549333572,0.2864231467247009,0.6123443245887756,-0.08085015416145325,0.23835065960884094,0.6104757785797119,-0.09299475699663162,0.4583662152290344,0.5757864117622375,-0.07581383734941483,0.395432710647583,0.5888069868087769,-0.10041342675685883,0.3514563739299774,0.5984298586845398,-0.11470261216163635,0.3108288049697876,0.6022326350212097,-0.12705208361148834,OUT_OF_AIR
0.6005006432533264,0.5865784883499146,-2.531180314235826e-07,0.5091673731803894,0.6606116890907288,0.052439186722040176,0.44478359818458557,0.6572586297988892,0.06151576340198517,0.3975406289100647,0.6584264039993286,0.05746225640177727,0.35562828183174133,0.660325825214386,0.04764785245060921,0.40973731875419617,0.5422834157943726,0.011402454227209091,0.3369143605232239,0.5981764793395996,-0.0050953226163983345,0.2876594364643097,0.6332730650901794,-0.0164126418530941,0.2442798912525177,0.6584812998771667,-0.027703460305929184,0.4237453043460846,0.529670238494873,-0.03284149244427681,0.3275342285633087,0.6027026772499084,-0.060236383229494095,0.267777681350708,0.6421576142311096,-0.07820286601781845,0.21596693992614746,0.6650975942611694,-0.09388652443885803,0.4449753761291504,0.5442317128181458,-0.0729287713766098,0.35234466195106506,0.6039093732833862,-0.09969877451658249,0.2960309684276581,0.6368600130081177,-0.11497258394956589,0.24794235825538635,0.6531012654304504,-0.1282634288072586,0.4682518243789673,0.5775212049484253,-0.1075451523065567,0.40248826146125793,0.6116905212402344,-0.13510744273662567,0.35800883173942566,0.6341544985771179,-0.15137162804603577,0.3182719647884369,0.6472853422164917,-0.1658231019973755,OUT_OF_AIR
0.2068398892879486,0.6568487882614136,-1.0845554498928323e-07,0.28809937834739685,0.6619787812232971,0.09105091542005539,0.3502345085144043,0.6626514792442322,0.12770946323871613,0.3918417692184448,0.6727010607719421,0.14763645827770233,0.4301401972770691,0.6886613368988037,0.16391007602214813,0.39993050694465637,0.5758823752403259,0.06333254277706146,0.47811150550842285,0.6194923520088196,0.06705539673566818,0.5279530882835388,0.6444222927093506,0.0713004469871521,0.5667502880096436,0.6705848574638367,0.07167504727840424,0.3938013017177582,0.5915072560310364,0.01108674705028534,0.4978692829608917,0.6255642771720886,0.0058152442798018456,0.5581852793693542,0.6547033786773682,0.005856422707438469,0.6093748211860657,0.6731371879577637,0.004753217566758394,0.3805772066116333,0.6250629425048828,-0.035166364163160324,0.481791228055954,0.6520084142684937,-0.04279612377285957,0.5401541590690613,0.6728208065032959,-0.04272829741239548,0.588672399520874,0.6847767233848572,-0.04510193690657616,0.36680495738983154,0.6866133809089661,-0.07326921075582504,0.4368234872817993,0.7015190720558167,-0.08760415762662888,0.48339271545410156,0.7061846256256104,-0.09430284053087234,0.5243405103683472,0.7078922986984253,-0.10000797361135483,OUT_OF_AIR
0.19762437045574188,0.6923719048500061,2.521407260758224e-08,0.28301599621772766,0.6978893876075745,0.06917507201433182,0.35513365268707275,0.7019280791282654,0.08987519890069962,0.4007291793823242,0.7187688946723938,0.09672357141971588,0.4424494504928589,0.7384620904922485,0.09872571378946304,0.40338149666786194,0.631916880607605,0.020779618993401527,0.48991847038269043,0.6771045923233032,0.008526411838829517,0.5441746115684509,0.6957212090492249,0.002448608400300145,0.5877752304077148,0.7110735774040222,-0.0036623782943934202,0.3928099572658539,0.6478844881057739,-0.026905406266450882,0.4969516098499298,0.6927822828292847,-0.04338990896940231,0.5607147216796875,0.7156771421432495,-0.05273859575390816,0.6131186485290527,0.7296330332756042,-0.06159079074859619,0.3716314136981964,0.6822391748428345,-0.06873821467161179,0.4718988835811615,0.7240105867385864,-0.08504470437765121,0.531360387802124,0.7439762949943542,-0.09471860527992249,0.581344485282898,0.7536051869392395,-0.10451672226190567,0.3466539978981018,0.7425573468208313,-0.10352597385644913,0.4174146354198456,0.7667335867881775,-0.12336152791976929,0.46434101462364197,0.7743009328842163,-0.1346619874238968,0.5061194896697998,0.7783508896827698,-0.14447496831417084,OUT_OF_AIR
0.20455315709114075,0.6957665681838989,-1.6590591656040488e-07,0.3001462519168854,0.6948189735412598,0.10653433203697205,0.36266207695007324,0.699948787689209,0.14086925983428955,0.4011409282684326,0.7128567099571228,0.1571858823299408,0.4480336010456085,0.7292194962501526,0.16723863780498505,0.4133293628692627,0.6237460374832153,0.0316285565495491,0.493896484375,0.654662549495697,0.018378520384430885,0.5468073487281799,0.6663212776184082,0.015256550163030624,0.5872249007225037,0.6825693845748901,0.012243685312569141,0.39806443452835083,0.6539533734321594,-0.03234425187110901,0.4985491931438446,0.6762669682502747,-0.064485564827919,0.5617970824241638,0.6927657127380371,-0.07684151828289032,0.6133188605308533,0.7062810659408569,-0.08511490374803543,0.37440571188926697,0.6977376341819763,-0.08599916845560074,0.4679848253726959,0.7197904586791992,-0.12095069885253906,0.528469443321228,0.7353699803352356,-0.13501526415348053,0.5792937278747559,0.7435663938522339,-0.14314602315425873,0.35106363892555237,0.75896817445755,-0.12679840624332428,0.4184456467628479,0.7748296856880188,-0.16079246997833252,0.46637654304504395,0.7793364524841309,-0.17737814784049988,0.5089367032051086,0.7788970470428467,-0.18906135857105255,OUT_OF_AIR
0.19105908274650574,0.6750172972679138,8.196466616539055e-09,0.27892836928367615,0.6795018911361694,0.07310159504413605,0.35050225257873535,0.6854960918426514,0.09299763292074203,0.39710184931755066,0.7003186941146851,0.09765876084566116,0.4404713809490204,0.7147294878959656,0.09635418653488159,0.397715300321579,0.6224102973937988,0.01706067845225334,0.485236257314682,0.6627192497253418,0.0003548151580616832,0.5419673919677734,0.680243968963623,-0.008052042685449123,0.5875866413116455,0.6972607374191284,-0.01573704555630684,0.3863920271396637,0.6343974471092224,-0.03535368666052818,0.4917101263999939,0.6780821681022644,-0.06008291617035866,0.5577758550643921,0.7012265920639038,-0.07272627204656601,0.6118003726005554,0.717474639415741,-0.08318180590867996,0.36359885334968567,0.6641430854797363,-0.08155547082424164,0.4645616114139557,0.7100897431373596,-0.10573174804449081,0.5263434648513794,0.7311416864395142,-0.11939247697591782,0.5788626670837402,0.7419191002845764,-0.13110870122909546,0.33666542172431946,0.7202677726745605,-0.11994439363479614,0.4087084233760834,0.7526215314865112,-0.14505019783973694,0.457113653421402,0.7620577216148376,-0.15918754041194916,0.4997424781322479,0.7661772966384888,-0.17128337919712067,OUT_OF_AIR
0.19070887565612793,0.7001949548721313,2.5599300101930567e-07,0.2690664827823639,0.7305126786231995,0.03902050480246544,0.3461209535598755,0.7307283282279968,0.04575793445110321,0.3949914872646332,0.7464039325714111,0.04189902916550636,0.43719062209129333,0.7565021514892578,0.03401533141732216,0.3965129256248474,0.6640020608901978,0.0022192716132849455,0.4811916947364807,0.7059854865074158,-0.017396224662661552,0.5357997417449951,0.7266606688499451,-0.030761022120714188,0.5805311799049377,0.7428354024887085,-0.04204784706234932,0.384522408246994,0.6631718277931213,-0.03528527170419693,0.48706144094467163,0.7110179662704468,-0.05638815090060234,0.5514787435531616,0.7361554503440857,-0.07213199138641357,0.6060645580291748,0.7543647885322571,-0.0854022428393364,0.3610188961029053,0.6846139430999756,-0.0699370801448822,0.46099719405174255,0.7325451970100403,-0.0890333279967308,0.5204980373382568,0.7596430778503418,-0.10355371236801147,0.572239339351654,0.7760807275772095,-0.11683846265077591,0.33131536841392517,0.7319271564483643,-0.10097424685955048,0.39994046092033386,0.771872341632843,-0.12130163609981537,0.4471322000026703,0.7851207256317139,-0.13403412699699402,0.49074432253837585,0.7928298115730286,-0.1452311873435974,OUT_OF_AIR
0.19924120604991913,0.6904028058052063,2.6623447979545745e-07,0.28456202149391174,0.7761852145195007,0.03555358573794365,0.3552532494068146,0.7682655453681946,0.04444862902164459,0.39938968420028687,0.7521218657493591,0.04294984042644501,0.4399740993976593,0.7498090267181396,0.0373893678188324,0.3961074650287628,0.6754302978515625,0.009839000180363655,0.4704700708389282,0.7192605137825012,-0.0080892788246274,0.5238431692123413,0.7392441034317017,-0.02139214798808098,0.5684439539909363,0.7534682750701904,-0.03327856585383415,0.38598722219467163,0.659634530544281,-0.02512884885072708,0.4818916618824005,0.7146602869033813,-0.045691829174757004,0.5446894764900208,0.7413883805274963,-0.06138702481985092,0.600034236907959,0.7571050524711609,-0.07431978732347488,0.36535003781318665,0.663008987903595,-0.05832469463348389,0.45935219526290894,0.7146422863006592,-0.07786722481250763,0.5163844227790833,0.7385926842689514,-0.09305863827466965,0.565871000289917,0.7492609620094299,-0.10645993798971176,0.3391449451446533,0.6892009377479553,-0.08851902186870575,0.4011763334274292,0.7223068475723267,-0.1105666309595108,0.4453887343406677,0.7358258366584778,-0.1251015067100525,0.48523348569869995,0.7441467642784119,-0.13742651045322418,OUT_OF_AIR
0.20322252810001373,0.6793020367622375,2.662027611677331e-07,0.28462427854537964,0.7895889282226562,0.04695328325033188,0.3488708436489105,0.7976222634315491,0.05265000835061073,0.3920574188232422,0.7841942310333252,0.04555528610944748,0.43086186051368713,0.7894290685653687,0.03167753666639328,0.3900863826274872,0.7171191573143005,-0.010891749523580074,0.4550328552722931,0.7731146812438965,-0.042869310826063156,0.5065547227859497,0.7995467782020569,-0.06305472552776337,0.5492795705795288,0.823765754699707,-0.08061961084604263,0.3728291392326355,0.6918230652809143,-0.06137678027153015,0.4580231010913849,0.7603343725204468,-0.10614991188049316,0.5212674140930176,0.7976093888282776,-0.13353340327739716,0.5787962079048157,0.8239423036575317,-0.15410757064819336,0.34516799449920654,0.6778006553649902,-0.10820131003856659,0.4280434548854828,0.7431963682174683,-0.1509661078453064,0.4836277961730957,0.7788394093513489,-0.1730092614889145,0.5361055135726929,0.8040728569030762,-0.19008392095565796,0.31405749917030334,0.6805062890052795,-0.15004239976406097,0.3693038821220398,0.7182943224906921,-0.19639796018600464,0.41332125663757324,0.7450684309005737,-0.2223554402589798,0.4546726942062378,0.7684901356697083,-0.24218274652957916,OUT_OF_AIR
0.20391659438610077,0.6825117468833923,2.6219061055599013e-07,0.2876203954219818,0.7867487668991089,0.05170949921011925,0.34798943996429443,0.8036872148513794,0.059365421533584595,0.3901744782924652,0.8033629655838013,0.05481111630797386,0.43262001872062683,0.8073452115058899,0.043086692690849304,0.39219868183135986,0.7287189364433289,-0.015050587244331837,0.4590323567390442,0.7851436138153076,-0.04739680886268616,0.5117415189743042,0.8175738453865051,-0.06609305739402771,0.5532245635986328,0.8501325845718384,-0.08135300874710083,0.3749082088470459,0.7085092067718506,-0.06469208747148514,0.46134310960769653,0.7743971943855286,-0.10932068526744843,0.5249317288398743,0.8186956644058228,-0.13463938236236572,0.5787802934646606,0.8544503450393677,-0.1533035784959793,0.3450189530849457,0.7001121044158936,-0.10935639590024948,0.42784324288368225,0.7641588449478149,-0.1520613133907318,0.48230838775634766,0.8044018149375916,-0.17449459433555603,0.5308249592781067,0.835928738117218,-0.1913696825504303,0.3112577795982361,0.7109875679016113,-0.1477806270122528,0.3651200830936432,0.7540446519851685,-0.19623880088329315,0.4080514907836914,0.784131646156311,-0.22416409850120544,0.44757145643234253,0.8093598484992981,-0.2445429116487503,OUT_OF_AIR
0.19925376772880554,0.6641106605529785,3.3307813396277197e-07,0.2757491171360016,0.7292247414588928,0.0399751141667366,0.3470109701156616,0.7472754120826721,0.04409879818558693,0.3930895924568176,0.7697657942771912,0.03769173473119736,0.4360414445400238,0.7837163805961609,0.02551998384296894,0.3952191174030304,0.6823755502700806,-0.012892713770270348,0.46977996826171875,0.7367185950279236,-0.039566654711961746,0.5218775868415833,0.7690858840942383,-0.05674872174859047,0.5642178058624268,0.7962355017662048,-0.07042841613292694,0.3811114430427551,0.6735032200813293,-0.05407949164509773,0.47211092710494995,0.7421228289604187,-0.08563505113124847,0.5347239375114441,0.7846540212631226,-0.1068476065993309,0.5867230892181396,0.815415620803833,-0.12339911609888077,0.3512183427810669,0.6816444993019104,-0.09125245362520218,0.4385240375995636,0.7575763463973999,-0.12005502730607986,0.49237942695617676,0.798565149307251,-0.13840153813362122,0.5391701459884644,0.8257341384887695,-0.15310129523277283,0.31194868683815,0.7101269364356995,-0.12393338233232498,0.370926171541214,0.7657248377799988,-0.154183030128479,0.41483116149902344,0.793982207775116,-0.17133641242980957,0.4554310739040375,0.8154184222221375,-0.1846081018447876,OUT_OF_AIR
0.18196654319763184,0.648517370223999,1.327048835264577e-07,0.26410654187202454,0.6641634702682495,0.062861867249012,0.335818350315094,0.6806920170783997,0.07702825218439102,0.3819376528263092,0.7060215473175049,0.07739702612161636,0.42469993233680725,0.7299383878707886,0.07128563523292542,0.38586220145225525,0.6256433129310608,0.004764465149492025,0.4676962196826935,0.6802137494087219,-0.0146845243871212,0.5213855504989624,0.7075281739234924,-0.024989936500787735,0.5653036236763,0.7299559116363525,-0.03394987806677818,0.37207698822021484,0.630791425704956,-0.04464884474873543,0.472549706697464,0.6928437948226929,-0.07043468207120895,0.5387546420097351,0.7257983088493347,-0.08544061332941055,0.5932641625404358,0.7489477396011353,-0.0978243350982666,0.3446485996246338,0.6531639099121094,-0.08822184801101685,0.44226518273353577,0.718052327632904,-0.11361338198184967,0.502737283706665,0.7469286918640137,-0.12961067259311676,0.5553893446922302,0.7622193098068237,-0.14312928915023804,0.3113299012184143,0.698817789554596,-0.12479928880929947,0.38014331459999084,0.7510043978691101,-0.15274210274219513,0.4266839623451233,0.7717894315719604,-0.1688990443944931,0.46875470876693726,0.7843137383460999,-0.18197356164455414,OUT_OF_AIR
0.17921018600463867,0.6456254720687866,1.5301085909413814e-07,0.25291064381599426,0.658568263053894,0.04496204853057861,0.32492595911026,0.6466449499130249,0.0569506399333477,0.37093159556388855,0.6546182036399841,0.057709697633981705,0.4098046123981476,0.659153163433075,0.054552607238292694,0.36948221921920776,0.5671811699867249,0.013454947620630264,0.45613881945610046,0.5911000967025757,-0.000642170722130686,0.5101514458656311,0.603827178478241,-0.010140093974769115,0.5531513094902039,0.615416944026947,-0.01839655078947544,0.361473947763443,0.5720726847648621,-0.023350922390818596,0.46753746271133423,0.5922654271125793,-0.03886060789227486,0.5305833220481873,0.6058531403541565,-0.05058439448475838,0.5834383368492126,0.614169716835022,-0.06082702800631523,0.34520602226257324,0.6025036573410034,-0.05702487379312515,0.4519791305065155,0.6246768236160278,-0.0719895139336586,0.5124101042747498,0.636950671672821,-0.08429957181215286,0.5629244446754456,0.6397297382354736,-0.09569119662046432,0.32529333233833313,0.6609525680541992,-0.08651851862668991,0.39854177832603455,0.6848165988922119,-0.10449717938899994,0.44756880402565,0.6860636472702026,-0.11621450632810593,0.49219733476638794,0.6822398900985718,-0.1262364387512207,OUT_OF_AIR
0.19208836555480957,0.6727582216262817,1.8814444047166035e-07,0.2759297788143158,0.7141531705856323,0.039284344762563705,0.3429681360721588,0.6778620481491089,0.04959305748343468,0.3843238651752472,0.6564584970474243,0.0482863187789917,0.42145946621894836,0.644601583480835,0.043259043246507645,0.37910544872283936,0.5553095936775208,0.01827200874686241,0.46440765261650085,0.5571261644363403,0.004917656537145376,0.5179320573806763,0.552801787853241,-0.005928923841565847,0.5609617829322815,0.5490195155143738,-0.016111036762595177,0.36913034319877625,0.5525324940681458,-0.01745332032442093,0.4758037328720093,0.5481483340263367,-0.03366858512163162,0.5385271310806274,0.5454738736152649,-0.04810633137822151,0.5904623866081238,0.5400446057319641,-0.05967622250318527,0.3540419936180115,0.5820767879486084,-0.05097944289445877,0.4608599543571472,0.5758439898490906,-0.06705314666032791,0.5205223560333252,0.5736290812492371,-0.08031689375638962,0.5701516270637512,0.5641867518424988,-0.09179402142763138,0.33904850482940674,0.6443167924880981,-0.08108651638031006,0.4121535122394562,0.6464886665344238,-0.09840794652700424,0.4589676558971405,0.6352462768554688,-0.10872680693864822,0.5010991096496582,0.6209458112716675,-0.11757495999336243,OUT_OF_AIR
0.1821533739566803,0.6907339096069336,2.853334706287569e-07,0.2750592827796936,0.759674608707428,0.031359877437353134,0.33931535482406616,0.7230162024497986,0.04008157551288605,0.37568309903144836,0.6905717253684998,0.03755905106663704,0.40947550535202026,0.677318811416626,0.031967680901288986,0.3736899197101593,0.5820761322975159,0.02436709776520729,0.45128387212753296,0.5896354913711548,0.010731436312198639,0.5048415064811707,0.5857902765274048,-0.002957917284220457,0.5491676926612854,0.5809067487716675,-0.01577931083738804,0.3643972873687744,0.5708447098731995,-0.008491294458508492,0.46461454033851624,0.5779740810394287,-0.024498574435710907,0.5271328687667847,0.5764042139053345,-0.041137661784887314,0.5810372233390808,0.5688114762306213,-0.054619576781988144,0.35001078248023987,0.5896356105804443,-0.04092130810022354,0.45086389780044556,0.5971909761428833,-0.056762028485536575,0.5095915198326111,0.5976919531822205,-0.07133170962333679,0.5588429570198059,0.5872496366500854,-0.0837295800447464,0.3345164358615875,0.6384904384613037,-0.07137443870306015,0.4049885869026184,0.6460732817649841,-0.08710549771785736,0.45094507932662964,0.6378247141838074,-0.09738297015428543,0.4916493892669678,0.625531017780304,-0.10655700415372849,OUT_OF_AIR
0.1854792833328247,0.6940829157829285,2.907901830440096e-07,0.2799180746078491,0.7584872841835022,0.029155241325497627,0.35154181718826294,0.7159332633018494,0.038144052028656006,0.3956679105758667,0.6770719885826111,0.036604348570108414,0.43541502952575684,0.6638306975364685,0.03153141215443611,0.38226696848869324,0.6150615215301514,0.022321129217743874,0.45499417185783386,0.6253753900527954,0.007081921212375164,0.508940577507019,0.626489520072937,-0.007206412497907877,0.5543172955513,0.6237586736679077,-0.020322099328041077,0.37242966890335083,0.597705066204071,-0.009658309631049633,0.46248966455459595,0.6156205534934998,-0.027078500017523766,0.5256780982017517,0.6205278038978577,-0.044410210102796555,0.5818356275558472,0.6168803572654724,-0.05846937745809555,0.35330620408058167,0.6017587780952454,-0.041579242795705795,0.4437079429626465,0.6202279925346375,-0.05979485437273979,0.5031315088272095,0.6273895502090454,-0.0748855248093605,0.5545626878738403,0.623418927192688,-0.08761875331401825,0.32900550961494446,0.6280019283294678,-0.07164734601974487,0.39243558049201965,0.6373003721237183,-0.09031067043542862,0.43758395314216614,0.6388347744941711,-0.10136178135871887,0.4787367880344391,0.6388052701950073,-0.11108043789863586,OUT_OF_AIR
0.18836763501167297,0.7027801275253296,3.8557601556021837e-07,0.2821294963359833,0.7727897763252258,0.029656294733285904,0.3530082404613495,0.7379999160766602,0.035751067101955414,0.396467924118042,0.7015787959098816,0.03177301213145256,0.43463367223739624,0.6886738538742065,0.023365849629044533,0.3834020793437958,0.6429641842842102,0.009482813067734241,0.4545190632343292,0.6852663159370422,-0.010063515976071358,0.5078917741775513,0.7006916403770447,-0.02659689635038376,0.5531087517738342,0.7079962491989136,-0.04128089174628258,0.37103044986724854,0.6275929808616638,-0.02419009432196617,0.46226412057876587,0.6795578002929688,-0.046693846583366394,0.5240386128425598,0.6980842351913452,-0.06555425375699997,0.5798186659812927,0.7022988796234131,-0.08064797520637512,0.34863367676734924,0.6312540173530579,-0.05672391876578331,0.43959304690361023,0.6753467917442322,-0.07869263738393784,0.49781322479248047,0.6944302916526794,-0.09399120509624481,0.5489764213562012,0.6987920999526978,-0.10679701715707779,0.3198738992214203,0.6555131077766418,-0.08696378767490387,0.3815653324127197,0.6810956597328186,-0.10791640728712082,0.4261219799518585,0.6930587887763977,-0.11932065337896347,0.466888964176178,0.701673686504364,-0.12930357456207275,OUT_OF_AIR
0.1829102486371994,0.6774866580963135,4.1500757674839406e-07,0.2756531238555908,0.7588563561439514,0.03068430908024311,0.3461819291114807,0.7407917380332947,0.03476426750421524,0.38868436217308044,0.7227279543876648,0.028615223243832588,0.42744413018226624,0.7187067866325378,0.01826169155538082,0.38104504346847534,0.6312151551246643,0.00463396729901433,0.453214168548584,0.6862817406654358,-0.016782497987151146,0.5046483874320984,0.7116084098815918,-0.034033216536045074,0.5485208630561829,0.7291098237037659,-0.049217499792575836,0.36735835671424866,0.6191471815109253,-0.030782628804445267,0.46188250184059143,0.6827067732810974,-0.0558791384100914,0.5223764777183533,0.7132773399353027,-0.07633725553750992,0.5779600143432617,0.7294644713401794,-0.09238564968109131,0.3435557782649994,0.6294882297515869,-0.0646606832742691,0.43621617555618286,0.6857060790061951,-0.08868400007486343,0.49373671412467957,0.7156581282615662,-0.10662218928337097,0.5451501607894897,0.728560745716095,-0.12099155783653259,0.3141159117221832,0.6652103662490845,-0.09579742699861526,0.37791869044303894,0.7030636668205261,-0.11750363558530807,0.4222314953804016,0.7196828126907349,-0.13052712380886078,0.4625047445297241,0.7295960783958435,-0.14184734225273132,OUT_OF_AIR
0,1,2,3,4,5,6,7,8,9,10,11,12,13,14,15,16,17,18,19,20,21,22,23,24,25,26,27,28,29,30,31,32,33,34,35,36,37,38,39,40,41,42,43,44,45,46,47,48,49,50,51,52,53,54,55,56,57,58,59,60,61,62,63
0.5697991847991943,0.8976688385009766,3.1065252414919087e-07,0.5012267231941223,0.8258686661720276,-0.021510891616344452,0.4466842710971832,0.6959844827651978,-0.02998868003487587,0.4048852026462555,0.6036933064460754,-0.03848734870553017,0.3687141537666321,0.5341438055038452,-0.04753725603222847,0.5142775774002075,0.5127770900726318,-0.006688443943858147,0.48579272627830505,0.381498247385025,-0.02419964037835598,0.46921396255493164,0.3005894720554352,-0.04227287322282791,0.4583098888397217,0.223872110247612,-0.05748225003480911,0.5641921162605286,0.4975723922252655,-0.015095861628651619,0.5549089312553406,0.34271806478500366,-0.02935204841196537,0.5477178692817688,0.24169684946537018,-0.04722357913851738,0.5401802062988281,0.15143735706806183,-0.06182027980685234,0.6100060939788818,0.5242249965667725,-0.02834167145192623,0.6317524909973145,0.3880683183670044,-0.048121754080057144,0.6438414454460144,0.2943457067012787,-0.065761499106884,0.6496713757514954,0.2051972597837448,-0.07921208441257477,0.6481238603591919,0.5810725688934326,-0.043790217489004135,0.6824724078178406,0.4884128272533417,-0.0625840499997139,0.7041576504707336,0.4213937222957611,-0.07185123860836029,0.7202513813972473,0.3515290319919586,-0.07932132482528687,STOP
0.5672417283058167,0.9102910757064819,2.1924326176758768e-07,0.49702176451683044,0.8367099165916443,-0.02540108747780323,0.44806644320487976,0.6952033042907715,-0.03341422230005264,0.42014414072036743,0.5800803899765015,-0.0411161445081234,0.3975211977958679,0.48100826144218445,-0.047891221940517426,0.5032030344009399,0.5246703028678894,-0.0015794156352058053,0.4819161891937256,0.39162540435791016,-0.02068278379738331,0.4675048589706421,0.3126376271247864,-0.04053085669875145,0.45733869075775146,0.23388977348804474,-0.0568276047706604,0.5493546724319458,0.5094547867774963,-0.007673936430364847,0.5342808961868286,0.35500210523605347,-0.023132922127842903,0.5249883532524109,0.25517404079437256,-0.04195314273238182,0.517076313495636,0.16339559853076935,-0.05721135810017586,0.5924913287162781,0.5337126851081848,-0.019642069935798645,0.595040500164032,0.3955329656600952,-0.03791490197181702,0.5958101749420166,0.3034873306751251,-0.0523206852376461,0.5926844477653503,0.21572673320770264,-0.06374938786029816,0.6325387358665466,0.5840088725090027,-0.03494303673505783,0.6366094350814819,0.47972002625465393,-0.05212743580341339,0.6357333064079285,0.4084339737892151,-0.059916187077760696,0.6321041584014893,0.33705413341522217,-0.06626634299755096,STOP
0.5587550401687622,0.9197799563407898,2.412440380794578e-07,0.49096861481666565,0.8407981991767883,-0.026214081794023514,0.4608907997608185,0.6935610175132751,-0.03405629098415375,0.4592720866203308,0.5697553157806396,-0.041537024080753326,0.4588679373264313,0.4626912772655487,-0.04715324565768242,0.5021147727966309,0.5232530236244202,0.0031234032940119505,0.4924837350845337,0.38557228446006775,-0.013599654659628868,0.4873698055744171,0.3028613030910492,-0.03294757753610611,0.48624905943870544,0.22242943942546844,-0.04938946291804314,0.5454152226448059,0.5149725079536438,-0.0014890808379277587,0.5332921743392944,0.35843735933303833,-0.015246586874127388,0.5260435938835144,0.25872501730918884,-0.03465772420167923,0.5204816460609436,0.16412363946437836,-0.05085957422852516,0.5847834348678589,0.5410073399543762,-0.012110535986721516,0.5815796852111816,0.3963242769241333,-0.027917170897126198,0.5786957144737244,0.3108501136302948,-0.041219230741262436,0.5732800364494324,0.2307438999414444,-0.05255695432424545,0.6245675683021545,0.5922833681106567,-0.026633061468601227,0.6224953532218933,0.4831370413303375,-0.04210120067000389,0.6167100071907043,0.41047725081443787,-0.05005154758691788,0.608194887638092,0.3387472629547119,-0.056818217039108276,STOP
0.5597281455993652,0.9169931411743164,2.432734902413358e-07,0.48943808674812317,0.8384228944778442,-0.02608090452849865,0.45917534828186035,0.6905326843261719,-0.03313829004764557,0.4589604139328003,0.5650774836540222,-0.03976907953619957,0.45876067876815796,0.4570246636867523,-0.044414252042770386,0.5025489330291748,0.5218449831008911,0.004445571918040514,0.49231216311454773,0.3834278881549835,-0.011574376374483109,0.4869717061519623,0.30039888620376587,-0.030363501980900764,0.4857333302497864,0.21966426074504852,-0.046338871121406555,0.5459248423576355,0.5137108564376831,0.00019009130483027548,0.5336154699325562,0.35794517397880554,-0.012656407430768013,0.5260447263717651,0.2583044767379761,-0.031438007950782776,0.5205914974212646,0.16409480571746826,-0.04720061272382736,0.58474200963974,0.5392105579376221,-0.010174725204706192,0.5818463563919067,0.39683520793914795,-0.025004662573337555,0.5789139866828918,0.3114849925041199,-0.037986040115356445,0.5738203525543213,0.23193706572055817,-0.04920210689306259,0.6237746477127075,0.5893369317054749,-0.024538200348615646,0.6220861673355103,0.4824778139591217,-0.039108362048864365,0.6161046028137207,0.4104572832584381,-0.04685940220952034,0.6075901985168457,0.3394278287887573,-0.05356213077902794,STOP
0.5567744374275208,0.8761705160140991,3.0213215040930663e-07,0.48804497718811035,0.8050552606582642,-0.031254153698682785,0.454259991645813,0.6659165024757385,-0.043762948364019394,0.4517368972301483,0.5436482429504395,-0.05463182181119919,0.4518984854221344,0.4352729022502899,-0.06454193592071533,0.4974108338356018,0.5068210363388062,-0.01578052155673504,0.48445335030555725,0.36562904715538025,-0.03845340386033058,0.47748297452926636,0.281493216753006,-0.05900372564792633,0.47539326548576355,0.19957084953784943,-0.07584549486637115,0.5397215485572815,0.49891841411590576,-0.019936397671699524,0.5254625082015991,0.3419155180454254,-0.04055222496390343,0.516171395778656,0.24113121628761292,-0.06296886503696442,0.5102841258049011,0.14492714405059814,-0.08080392330884933,0.5786592960357666,0.5263243317604065,-0.02951868250966072,0.579590380191803,0.38059452176094055,-0.05264446139335632,0.5792327523231506,0.290170818567276,-0.07165861874818802,0.5776289105415344,0.20279757678508759,-0.08632561564445496,0.6167093515396118,0.5795493721961975,-0.04249654337763786,0.6192821860313416,0.47459667921066284,-0.06552225351333618,0.6153767704963684,0.3997173011302948,-0.07932358980178833,0.6091744899749756,0.3240291476249695,-0.08989045023918152,STOP
0.5513548851013184,0.8947881460189819,1.5506151385125122e-07,0.48217645287513733,0.8198554515838623,-0.015408836305141449,0.45415976643562317,0.6825726628303528,-0.013773977756500244,0.45735880732536316,0.5652806758880615,-0.013447749428451061,0.46346917748451233,0.47937557101249695,-0.011516866274178028,0.4967072904109955,0.5412533283233643,0.022845180705189705,0.4879568815231323,0.4233476221561432,0.01569383218884468,0.48293742537498474,0.35170778632164,0.0023297476582229137,0.4803942143917084,0.2824455797672272,-0.010006978176534176,0.5375155210494995,0.5275335311889648,0.018039152026176453,0.5281763076782227,0.395240843296051,0.01329849287867546,0.519763171672821,0.3113780617713928,-0.0004275059327483177,0.5118287801742554,0.2334965318441391,-0.01231767050921917,0.5742299556732178,0.5423062443733215,0.007761093322187662,0.5738040208816528,0.4182301163673401,-0.000207667748327367,0.570367157459259,0.3429189920425415,-0.009761789813637733,0.5641823410987854,0.274814635515213,-0.01850484497845173,0.6110967397689819,0.5791037678718567,-0.005740252789109945,0.6119241118431091,0.4870802164077759,-0.013927741907536983,0.6073073148727417,0.42436859011650085,-0.018153216689825058,0.599465012550354,0.3633217215538025,-0.02234717831015587,STOP
0.5472264885902405,0.8631178140640259,2.5855666763163754e-07,0.4841150641441345,0.7860049605369568,-0.026008760556578636,0.4424220323562622,0.6623687148094177,-0.038434676826000214,0.41870859265327454,0.5579177737236023,-0.05010044574737549,0.40060955286026,0.4629974663257599,-0.0614202618598938,0.5002023577690125,0.4942161738872528,-0.012385540641844273,0.4789872467517853,0.36096447706222534,-0.03359818086028099,0.4665810167789459,0.2802765369415283,-0.05361202731728554,0.4591613709926605,0.20147529244422913,-0.06981337070465088,0.5468310713768005,0.48406457901000977,-0.019018515944480896,0.540216863155365,0.33424535393714905,-0.037803951650857925,0.5356123447418213,0.23635123670101166,-0.0580378994345665,0.5313823819160461,0.14546088874340057,-0.07412385940551758,0.5872842073440552,0.5137633085250854,-0.03057178109884262,0.6036855578422546,0.38350123167037964,-0.05180922523140907,0.6140642762184143,0.291472852230072,-0.06810855120420456,0.619718611240387,0.20349818468093872,-0.08052131533622742,0.6212202906608582,0.5701881051063538,-0.04487616568803787,0.6351071000099182,0.4713555872440338,-0.06434059888124466,0.6419084072113037,0.4011170566082001,-0.07303474843502045,0.6452878713607788,0.33021682500839233,-0.07982084900140762,STOP
0.5476288795471191,0.862623929977417,3.5778248275164515e-07,0.4845593571662903,0.7888661623001099,-0.028394384309649467,0.4392251670360565,0.6627712249755859,-0.040194734930992126,0.4106758236885071,0.5596097111701965,-0.05036485195159912,0.3896816670894623,0.46616581082344055,-0.060332708060741425,0.5026598572731018,0.4897739887237549,-0.014584523625671864,0.47915810346603394,0.359124094247818,-0.034518394619226456,0.4643781781196594,0.27995815873146057,-0.053443484008312225,0.4539802074432373,0.20224903523921967,-0.06890057772397995,0.5532316565513611,0.4805589020252228,-0.01933099329471588,0.5554795861244202,0.33154720067977905,-0.036032646894454956,0.5548489093780518,0.23240478336811066,-0.05536356940865517,0.5530051589012146,0.14120958745479584,-0.07075677067041397,0.5957063436508179,0.5132467150688171,-0.029127201065421104,0.62458336353302,0.38791242241859436,-0.05119828134775162,0.6410739421844482,0.30026307702064514,-0.06925763934850693,0.6517641544342041,0.21528130769729614,-0.08241774886846542,0.6286623477935791,0.5738717913627625,-0.041466232389211655,0.6619569659233093,0.491036981344223,-0.06262154877185822,0.6837602257728577,0.4320165812969208,-0.07233225554227829,0.7015345692634583,0.3696171045303345,-0.07944931089878082,STOP
0.5486575365066528,0.8784716129302979,2.3095192602795578e-07,0.4834761917591095,0.8027589917182922,-0.026772381737828255,0.4398067593574524,0.6706858277320862,-0.03711271658539772,0.4182765483856201,0.559517502784729,-0.046899694949388504,0.4019428491592407,0.4626993238925934,-0.05608810856938362,0.49228665232658386,0.5061778426170349,-0.0071096280589699745,0.47053030133247375,0.3749092221260071,-0.028732527047395706,0.4556798040866852,0.2944895923137665,-0.0495048426091671,0.4462500512599945,0.2163308560848236,-0.06615813821554184,0.5370122790336609,0.4930119216442108,-0.01321824174374342,0.5252377390861511,0.33945921063423157,-0.032165784388780594,0.5178436636924744,0.24100470542907715,-0.0528799407184124,0.5122953057289124,0.1497199386358261,-0.06884855031967163,0.5783777236938477,0.5173686742782593,-0.024894041940569878,0.5811153054237366,0.37996816635131836,-0.04629635065793991,0.5830552577972412,0.2889527976512909,-0.06253299117088318,0.5820536613464355,0.2010345309972763,-0.07462970912456512,0.6165772080421448,0.5681543350219727,-0.03975537046790123,0.6221280694007874,0.4661308526992798,-0.05925491824746132,0.6233626008033752,0.39567315578460693,-0.06833433359861374,0.6222238540649414,0.32418182492256165,-0.07523969560861588,STOP
0.30133920907974243,0.9017496109008789,5.276294814393623e-07,0.3776656985282898,0.8291924595832825,-0.035703808069229126,0.4230550229549408,0.6718138456344604,-0.04601168632507324,0.4444279372692108,0.5419192314147949,-0.053811971098184586,0.46320849657058716,0.4411124289035797,-0.06161261722445488,0.3784709870815277,0.49885040521621704,-0.027688466012477875,0.398725688457489,0.34924978017807007,-0.05395815521478653,0.40540045499801636,0.24716053903102875,-0.07531944662332535,0.40807220339775085,0.15836189687252045,-0.09184104949235916,0.32763221859931946,0.48489516973495483,-0.02970500849187374,0.34115320444107056,0.31275689601898193,-0.05473942682147026,0.34789374470710754,0.19611434638500214,-0.07590937614440918,0.35158655047416687,0.09408821165561676,-0.09154944866895676,0.27996161580085754,0.511741042137146,-0.03706132620573044,0.28103187680244446,0.34941720962524414,-0.06416510790586472,0.28619134426116943,0.2429882287979126,-0.08336519449949265,0.291792094707489,0.1427304744720459,-0.0970814898610115,0.23277652263641357,0.5681673884391785,-0.047922637313604355,0.22808204591274261,0.4523830711841583,-0.07574140280485153,0.22896280884742737,0.37166455388069153,-0.09064072370529175,0.23221249878406525,0.2883964776992798,-0.10090434551239014,STOP
0.30289533734321594,0.9013451933860779,5.391635795604088e-07,0.38157904148101807,0.8343467712402344,-0.03521934151649475,0.4387700855731964,0.6860864162445068,-0.047185689210891724,0.4743078052997589,0.5670600533485413,-0.05666378512978554,0.5030672550201416,0.47996070981025696,-0.06657447665929794,0.38260775804519653,0.50758957862854,-0.03366616740822792,0.41265562176704407,0.3625734746456146,-0.06002618372440338,0.4260980486869812,0.2630605697631836,-0.0817272886633873,0.4338427484035492,0.172982320189476,-0.09870457649230957,0.32992810010910034,0.4896034598350525,-0.03717854991555214,0.3446546196937561,0.32087066769599915,-0.061215538531541824,0.35283029079437256,0.20492446422576904,-0.0820816159248352,0.35641542077064514,0.10231763124465942,-0.0982045829296112,0.28034406900405884,0.5132507681846619,-0.04547721892595291,0.27973902225494385,0.35511037707328796,-0.07109227776527405,0.2839134931564331,0.24598680436611176,-0.09148033708333969,0.28835734724998474,0.14511802792549133,-0.10662271082401276,0.23188520967960358,0.5682888031005859,-0.057233523577451706,0.20435652136802673,0.4593828022480011,-0.08531644940376282,0.18794319033622742,0.3791031539440155,-0.10134226828813553,0.17656280100345612,0.29543688893318176,-0.11230513453483582,STOP
0.29782819747924805,0.8966872096061707,5.586252314060403e-07,0.3722536265850067,0.8226792812347412,-0.038906827569007874,0.4144045114517212,0.6674025058746338,-0.05097140744328499,0.4294620454311371,0.5349791049957275,-0.06002281606197357,0.44511085748672485,0.4297811985015869,-0.06865048408508301,0.3729175627231598,0.49399465322494507,-0.0276553425937891,0.39258089661598206,0.3454948365688324,-0.05485118180513382,0.4010220468044281,0.246080681681633,-0.07708082348108292,0.4064912497997284,0.1586243361234665,-0.09387785941362381,0.32144278287887573,0.48037463426589966,-0.02783435396850109,0.32989564538002014,0.30895769596099854,-0.053211335092782974,0.3353089392185211,0.19400161504745483,-0.07488128542900085,0.3399638235569,0.09239839762449265,-0.09073347598314285,0.2747020721435547,0.5075194239616394,-0.03372153639793396,0.27465274930000305,0.3475354313850403,-0.060749370604753494,0.2801129221916199,0.24090638756752014,-0.07922946661710739,0.28737378120422363,0.1411987543106079,-0.09218556433916092,0.22945430874824524,0.5642605423927307,-0.04352820664644241,0.2265091836452484,0.4475044310092926,-0.07049936056137085,0.23016610741615295,0.36459437012672424,-0.08466456830501556,0.23709625005722046,0.27868255972862244,-0.09430407732725143,STOP
0.2865922152996063,0.8171997666358948,6.613969958380039e-07,0.35727939009666443,0.7511663436889648,-0.03151832893490791,0.4124104380607605,0.6246843338012695,-0.04385647550225258,0.4515213966369629,0.5195878744125366,-0.05450862646102905,0.4808347523212433,0.43551504611968994,-0.0657697394490242,0.3579190671443939,0.4691409170627594,-0.02511521801352501,0.39465296268463135,0.3478325605392456,-0.05185450613498688,0.417471706867218,0.26870596408843994,-0.07463525980710983,0.4377283453941345,0.19619464874267578,-0.09119809418916702,0.31295040249824524,0.45122164487838745,-0.028735792264342308,0.3347416818141937,0.3066793382167816,-0.052241917699575424,0.3515892028808594,0.20528507232666016,-0.07338137924671173,0.36545562744140625,0.11192233860492706,-0.0892304927110672,0.268453985452652,0.47198453545570374,-0.03743626922369003,0.27374982833862305,0.3337711989879608,-0.06309918314218521,0.28455865383148193,0.23857876658439636,-0.08160130679607391,0.2968364357948303,0.14589954912662506,-0.09457685798406601,0.2227763682603836,0.5207571387290955,-0.0491383820772171,0.2149675041437149,0.42013639211654663,-0.07539474219083786,0.21453242003917694,0.3473069369792938,-0.08837655931711197,0.21778583526611328,0.26992231607437134,-0.0969582125544548,STOP
0.295365571975708,0.8897250890731812,6.91490981807874e-07,0.3713036775588989,0.8191352486610413,-0.03898559510707855,0.4318320155143738,0.6984305381774902,-0.05570071190595627,0.48196497559547424,0.5983855128288269,-0.07028953731060028,0.5240482091903687,0.5232927203178406,-0.08379073441028595,0.36145254969596863,0.4726027846336365,-0.021247761324048042,0.37205782532691956,0.32095640897750854,-0.041158657521009445,0.37600618600845337,0.2280472218990326,-0.06031997501850128,0.3786107897758484,0.1436619758605957,-0.07523144781589508,0.307765930891037,0.4626961350440979,-0.02017981931567192,0.30668753385543823,0.29770421981811523,-0.03543546423316002,0.3071692883968353,0.1919287145137787,-0.051974933594465256,0.30585962533950806,0.10549623519182205,-0.06477662920951843,0.25915271043777466,0.49423572421073914,-0.02510700933635235,0.23903343081474304,0.3526061177253723,-0.0420587956905365,0.2272879183292389,0.26012298464775085,-0.05693185329437256,0.21813265979290009,0.17562997341156006,-0.06809129565954208,0.21559731662273407,0.5553398728370667,-0.034677036106586456,0.19578519463539124,0.45761317014694214,-0.05084989592432976,0.18495775759220123,0.3965294659137726,-0.05843783915042877,0.17779111862182617,0.33399608731269836,-0.06362684816122055,STOP
0.29928281903266907,0.8389174938201904,6.68853203933395e-07,0.3730519115924835,0.7747570276260376,-0.03422338888049126,0.42918527126312256,0.6564245820045471,-0.05211387947201729,0.472331166267395,0.5582972168922424,-0.06809912621974945,0.5059435963630676,0.47915273904800415,-0.08447828888893127,0.36506447196006775,0.47148290276527405,-0.040045008063316345,0.38496530055999756,0.32911595702171326,-0.06819140911102295,0.39742496609687805,0.238715261220932,-0.08886536955833435,0.4073218107223511,0.15565125644207,-0.10471677780151367,0.3163040578365326,0.45027995109558105,-0.04377761855721474,0.3287949562072754,0.29049667716026306,-0.07132299989461899,0.3398470878601074,0.1834663450717926,-0.09276991337537766,0.3471948802471161,0.08754169195890427,-0.10829780995845795,0.2694484293460846,0.47424840927124023,-0.051587656140327454,0.24470120668411255,0.324177622795105,-0.08024132251739502,0.23007434606552124,0.2188078761100769,-0.10177573561668396,0.22105605900287628,0.11937947571277618,-0.11660090833902359,0.22715260088443756,0.5337826609611511,-0.062178462743759155,0.19116812944412231,0.4325724244117737,-0.08987895399332047,0.17072895169258118,0.3594486117362976,-0.10544435679912567,0.15654140710830688,0.28089043498039246,-0.11591815203428268,STOP
